-1,centre,time_extract,num_occupation,num_students,num_staff
0,AP ARQ. LOPEZ OTERO,2018-01-01 1:00,0,0,0
1,AP ARQ. LOPEZ OTERO,2018-01-01 2:00,3,3,0
2,AP ARQ. LOPEZ OTERO,2018-01-01 3:00,3,3,0
3,AP ARQ. LOPEZ OTERO,2018-01-01 4:00,5,3,2
4,AP ARQ. LOPEZ OTERO,2018-01-01 5:00,6,3,3
5,AP ARQ. LOPEZ OTERO,2018-01-01 6:00,3,3,0
6,AP ARQ. LOPEZ OTERO,2018-01-01 7:00,0,0,0
7,AP ARQ. LOPEZ OTERO,2018-01-01 8:00,0,0,0
8,AP ARQ. LOPEZ OTERO,2018-01-01 9:00,1,1,0
9,AP ARQ. LOPEZ OTERO,2018-01-01 10:00,4,4,0
10,AP ARQ. LOPEZ OTERO,2018-01-01 11:00,1,1,0
11,AP ARQ. LOPEZ OTERO,2018-01-01 12:00,3,3,0
12,AP ARQ. LOPEZ OTERO,2018-01-01 13:00,6,3,3
13,AP ARQ. LOPEZ OTERO,2018-01-01 14:00,5,1,4
14,AP ARQ. LOPEZ OTERO,2018-01-01 15:00,1,1,0
15,AP ARQ. LOPEZ OTERO,2018-01-01 16:00,5,2,3
16,AP ARQ. LOPEZ OTERO,2018-01-01 17:00,2,2,0
17,AP ARQ. LOPEZ OTERO,2018-01-01 18:00,1,0,1
18,AP ARQ. LOPEZ OTERO,2018-01-01 19:00,3,1,2
19,AP ARQ. LOPEZ OTERO,2018-01-01 20:00,0,0,0
20,AP ARQ. LOPEZ OTERO,2018-01-01 21:00,2,2,0
21,AP ARQ. LOPEZ OTERO,2018-01-01 22:00,4,0,4
22,AP ARQ. LOPEZ OTERO,2018-01-01 23:00,6,3,3
23,AP ARQ. LOPEZ OTERO,2018-01-02 0:00,0,0,0
24,AP ARQ. LOPEZ OTERO,2018-01-02 1:00,1,1,0
25,AP ARQ. LOPEZ OTERO,2018-01-02 2:00,3,2,1
26,AP ARQ. LOPEZ OTERO,2018-01-02 3:00,2,1,1
27,AP ARQ. LOPEZ OTERO,2018-01-02 4:00,1,1,0
28,AP ARQ. LOPEZ OTERO,2018-01-02 5:00,1,0,1
29,AP ARQ. LOPEZ OTERO,2018-01-02 6:00,0,0,0
30,AP ARQ. LOPEZ OTERO,2018-01-02 7:00,6,4,2
31,AP ARQ. LOPEZ OTERO,2018-01-02 8:00,2,1,1
32,AP ARQ. LOPEZ OTERO,2018-01-02 9:00,1,1,0
33,AP ARQ. LOPEZ OTERO,2018-01-02 10:00,1,1,0
34,AP ARQ. LOPEZ OTERO,2018-01-02 11:00,2,1,1
35,AP ARQ. LOPEZ OTERO,2018-01-02 12:00,1,1,0
36,AP ARQ. LOPEZ OTERO,2018-01-02 13:00,1,0,1
37,AP ARQ. LOPEZ OTERO,2018-01-02 14:00,3,3,0
38,AP ARQ. LOPEZ OTERO,2018-01-02 15:00,2,1,1
39,AP ARQ. LOPEZ OTERO,2018-01-02 16:00,3,2,1
40,AP ARQ. LOPEZ OTERO,2018-01-02 17:00,0,0,0
41,AP ARQ. LOPEZ OTERO,2018-01-02 18:00,2,1,1
42,AP ARQ. LOPEZ OTERO,2018-01-02 19:00,6,5,1
43,AP ARQ. LOPEZ OTERO,2018-01-02 20:00,4,0,4
44,AP ARQ. LOPEZ OTERO,2018-01-02 21:00,3,2,1
45,AP ARQ. LOPEZ OTERO,2018-01-02 22:00,2,2,0
46,AP ARQ. LOPEZ OTERO,2018-01-02 23:00,2,2,0
47,AP ARQ. LOPEZ OTERO,2018-01-03 0:00,5,3,2
48,AP ARQ. LOPEZ OTERO,2018-01-03 1:00,3,3,0
49,AP ARQ. LOPEZ OTERO,2018-01-03 2:00,2,1,1
50,AP ARQ. LOPEZ OTERO,2018-01-03 3:00,1,1,0
51,AP ARQ. LOPEZ OTERO,2018-01-03 4:00,3,1,2
52,AP ARQ. LOPEZ OTERO,2018-01-03 5:00,1,0,1
53,AP ARQ. LOPEZ OTERO,2018-01-03 6:00,1,1,0
54,AP ARQ. LOPEZ OTERO,2018-01-03 7:00,3,3,0
55,AP ARQ. LOPEZ OTERO,2018-01-03 8:00,2,1,1
56,AP ARQ. LOPEZ OTERO,2018-01-03 9:00,2,2,0
57,AP ARQ. LOPEZ OTERO,2018-01-03 10:00,0,0,0
58,AP ARQ. LOPEZ OTERO,2018-01-03 11:00,1,1,0
59,AP ARQ. LOPEZ OTERO,2018-01-03 12:00,3,2,1
60,AP ARQ. LOPEZ OTERO,2018-01-03 13:00,3,0,3
61,AP ARQ. LOPEZ OTERO,2018-01-03 14:00,1,1,0
62,AP ARQ. LOPEZ OTERO,2018-01-03 15:00,3,3,0
63,AP ARQ. LOPEZ OTERO,2018-01-03 16:00,2,0,2
64,AP ARQ. LOPEZ OTERO,2018-01-03 17:00,2,2,0
65,AP ARQ. LOPEZ OTERO,2018-01-03 18:00,1,0,1
66,AP ARQ. LOPEZ OTERO,2018-01-03 19:00,3,3,0
67,AP ARQ. LOPEZ OTERO,2018-01-03 20:00,5,2,3
68,AP ARQ. LOPEZ OTERO,2018-01-03 21:00,2,2,0
69,AP ARQ. LOPEZ OTERO,2018-01-03 22:00,2,1,1
70,AP ARQ. LOPEZ OTERO,2018-01-03 23:00,1,1,0
71,AP ARQ. LOPEZ OTERO,2018-01-04 0:00,0,0,0
72,AP ARQ. LOPEZ OTERO,2018-01-04 1:00,5,4,1
73,AP ARQ. LOPEZ OTERO,2018-01-04 2:00,4,1,3
74,AP ARQ. LOPEZ OTERO,2018-01-04 3:00,1,1,0
75,AP ARQ. LOPEZ OTERO,2018-01-04 4:00,3,3,0
76,AP ARQ. LOPEZ OTERO,2018-01-04 5:00,2,2,0
77,AP ARQ. LOPEZ OTERO,2018-01-04 6:00,2,1,1
78,AP ARQ. LOPEZ OTERO,2018-01-04 7:00,3,2,1
79,AP ARQ. LOPEZ OTERO,2018-01-04 8:00,0,0,0
80,AP ARQ. LOPEZ OTERO,2018-01-04 9:00,0,0,0
81,AP ARQ. LOPEZ OTERO,2018-01-04 10:00,1,1,0
82,AP ARQ. LOPEZ OTERO,2018-01-04 11:00,1,1,0
83,AP ARQ. LOPEZ OTERO,2018-01-04 12:00,2,2,0
84,AP ARQ. LOPEZ OTERO,2018-01-04 13:00,3,3,0
85,AP ARQ. LOPEZ OTERO,2018-01-04 14:00,3,1,2
86,AP ARQ. LOPEZ OTERO,2018-01-04 15:00,2,0,2
87,AP ARQ. LOPEZ OTERO,2018-01-04 16:00,1,0,1
88,AP ARQ. LOPEZ OTERO,2018-01-04 17:00,3,1,2
89,AP ARQ. LOPEZ OTERO,2018-01-04 18:00,0,0,0
90,AP ARQ. LOPEZ OTERO,2018-01-04 19:00,4,4,0
91,AP ARQ. LOPEZ OTERO,2018-01-04 20:00,0,0,0
92,AP ARQ. LOPEZ OTERO,2018-01-04 21:00,3,0,3
93,AP ARQ. LOPEZ OTERO,2018-01-04 22:00,3,3,0
94,AP ARQ. LOPEZ OTERO,2018-01-04 23:00,4,2,2
95,AP ARQ. LOPEZ OTERO,2018-01-05 0:00,0,0,0
96,AP ARQ. LOPEZ OTERO,2018-01-05 1:00,3,0,3
97,AP ARQ. LOPEZ OTERO,2018-01-05 2:00,3,1,2
98,AP ARQ. LOPEZ OTERO,2018-01-05 3:00,4,3,1
99,AP ARQ. LOPEZ OTERO,2018-01-05 4:00,3,1,2
100,AP ARQ. LOPEZ OTERO,2018-01-05 5:00,2,1,1
101,AP ARQ. LOPEZ OTERO,2018-01-05 6:00,3,1,2
102,AP ARQ. LOPEZ OTERO,2018-01-05 7:00,1,1,0
103,AP ARQ. LOPEZ OTERO,2018-01-05 8:00,4,4,0
104,AP ARQ. LOPEZ OTERO,2018-01-05 9:00,0,0,0
105,AP ARQ. LOPEZ OTERO,2018-01-05 10:00,4,1,3
106,AP ARQ. LOPEZ OTERO,2018-01-05 11:00,4,4,0
107,AP ARQ. LOPEZ OTERO,2018-01-05 12:00,3,2,1
108,AP ARQ. LOPEZ OTERO,2018-01-05 13:00,3,1,2
109,AP ARQ. LOPEZ OTERO,2018-01-05 14:00,1,1,0
110,AP ARQ. LOPEZ OTERO,2018-01-05 15:00,2,0,2
111,AP ARQ. LOPEZ OTERO,2018-01-05 16:00,1,1,0
112,AP ARQ. LOPEZ OTERO,2018-01-05 17:00,3,1,2
113,AP ARQ. LOPEZ OTERO,2018-01-05 18:00,1,1,0
114,AP ARQ. LOPEZ OTERO,2018-01-05 19:00,1,1,0
115,AP ARQ. LOPEZ OTERO,2018-01-05 20:00,2,1,1
116,AP ARQ. LOPEZ OTERO,2018-01-05 21:00,1,0,1
117,AP ARQ. LOPEZ OTERO,2018-01-05 22:00,5,1,4
118,AP ARQ. LOPEZ OTERO,2018-01-05 23:00,2,1,1
119,AP ARQ. LOPEZ OTERO,2018-01-06 0:00,0,0,0
120,AP ARQ. LOPEZ OTERO,2018-01-06 1:00,4,4,0
121,AP ARQ. LOPEZ OTERO,2018-01-06 2:00,0,0,0
122,AP ARQ. LOPEZ OTERO,2018-01-06 3:00,1,1,0
123,AP ARQ. LOPEZ OTERO,2018-01-06 4:00,3,3,0
124,AP ARQ. LOPEZ OTERO,2018-01-06 5:00,3,2,1
125,AP ARQ. LOPEZ OTERO,2018-01-06 6:00,3,3,0
126,AP ARQ. LOPEZ OTERO,2018-01-06 7:00,2,1,1
127,AP ARQ. LOPEZ OTERO,2018-01-06 8:00,2,1,1
128,AP ARQ. LOPEZ OTERO,2018-01-06 9:00,3,1,2
129,AP ARQ. LOPEZ OTERO,2018-01-06 10:00,7,5,2
130,AP ARQ. LOPEZ OTERO,2018-01-06 11:00,1,1,0
131,AP ARQ. LOPEZ OTERO,2018-01-06 12:00,2,2,0
132,AP ARQ. LOPEZ OTERO,2018-01-06 13:00,6,0,6
133,AP ARQ. LOPEZ OTERO,2018-01-06 14:00,3,1,2
134,AP ARQ. LOPEZ OTERO,2018-01-06 15:00,2,0,2
135,AP ARQ. LOPEZ OTERO,2018-01-06 16:00,1,1,0
136,AP ARQ. LOPEZ OTERO,2018-01-06 17:00,2,2,0
137,AP ARQ. LOPEZ OTERO,2018-01-06 18:00,1,1,0
138,AP ARQ. LOPEZ OTERO,2018-01-06 19:00,3,1,2
139,AP ARQ. LOPEZ OTERO,2018-01-06 20:00,1,1,0
140,AP ARQ. LOPEZ OTERO,2018-01-06 21:00,3,0,3
141,AP ARQ. LOPEZ OTERO,2018-01-06 22:00,6,4,2
142,AP ARQ. LOPEZ OTERO,2018-01-06 23:00,5,4,1
143,AP ARQ. LOPEZ OTERO,2018-01-07 0:00,6,6,0
144,AP ARQ. LOPEZ OTERO,2018-01-07 1:00,1,1,0
145,AP ARQ. LOPEZ OTERO,2018-01-07 2:00,2,1,1
146,AP ARQ. LOPEZ OTERO,2018-01-07 3:00,2,1,1
147,AP ARQ. LOPEZ OTERO,2018-01-07 4:00,4,1,3
148,AP ARQ. LOPEZ OTERO,2018-01-07 5:00,3,1,2
149,AP ARQ. LOPEZ OTERO,2018-01-07 6:00,2,0,2
150,AP ARQ. LOPEZ OTERO,2018-01-07 7:00,4,4,0
151,AP ARQ. LOPEZ OTERO,2018-01-07 8:00,1,1,0
152,AP ARQ. LOPEZ OTERO,2018-01-07 9:00,1,0,1
153,AP ARQ. LOPEZ OTERO,2018-01-07 10:00,2,0,2
154,AP ARQ. LOPEZ OTERO,2018-01-07 11:00,6,5,1
155,AP ARQ. LOPEZ OTERO,2018-01-07 12:00,2,1,1
156,AP ARQ. LOPEZ OTERO,2018-01-07 13:00,6,3,3
157,AP ARQ. LOPEZ OTERO,2018-01-07 14:00,1,1,0
158,AP ARQ. LOPEZ OTERO,2018-01-07 15:00,4,1,3
159,AP ARQ. LOPEZ OTERO,2018-01-07 16:00,2,2,0
160,AP ARQ. LOPEZ OTERO,2018-01-07 17:00,6,1,5
161,AP ARQ. LOPEZ OTERO,2018-01-07 18:00,2,1,1
162,AP ARQ. LOPEZ OTERO,2018-01-07 19:00,3,1,2
163,AP ARQ. LOPEZ OTERO,2018-01-07 20:00,2,2,0
164,AP ARQ. LOPEZ OTERO,2018-01-07 21:00,7,0,7
165,AP ARQ. LOPEZ OTERO,2018-01-07 22:00,0,0,0
166,AP ARQ. LOPEZ OTERO,2018-01-07 23:00,1,0,1
167,AP ARQ. LOPEZ OTERO,2018-01-08 0:00,0,0,0
168,AP ARQ. LOPEZ OTERO,2018-01-08 1:00,2,1,1
169,AP ARQ. LOPEZ OTERO,2018-01-08 2:00,3,3,0
170,AP ARQ. LOPEZ OTERO,2018-01-08 3:00,4,4,0
171,AP ARQ. LOPEZ OTERO,2018-01-08 4:00,2,1,1
172,AP ARQ. LOPEZ OTERO,2018-01-08 5:00,5,5,0
173,AP ARQ. LOPEZ OTERO,2018-01-08 6:00,2,2,0
174,AP ARQ. LOPEZ OTERO,2018-01-08 7:00,2,1,1
175,AP ARQ. LOPEZ OTERO,2018-01-08 8:00,3,2,1
176,AP ARQ. LOPEZ OTERO,2018-01-08 9:00,1,1,0
177,AP ARQ. LOPEZ OTERO,2018-01-08 10:00,2,0,2
178,AP ARQ. LOPEZ OTERO,2018-01-08 11:00,2,2,0
179,AP ARQ. LOPEZ OTERO,2018-01-08 12:00,1,1,0
180,AP ARQ. LOPEZ OTERO,2018-01-08 13:00,1,1,0
181,AP ARQ. LOPEZ OTERO,2018-01-08 14:00,3,1,2
182,AP ARQ. LOPEZ OTERO,2018-01-08 15:00,0,0,0
183,AP ARQ. LOPEZ OTERO,2018-01-08 16:00,0,0,0
184,AP ARQ. LOPEZ OTERO,2018-01-08 17:00,7,4,3
185,AP ARQ. LOPEZ OTERO,2018-01-08 18:00,2,1,1
186,AP ARQ. LOPEZ OTERO,2018-01-08 19:00,3,2,1
187,AP ARQ. LOPEZ OTERO,2018-01-08 20:00,5,3,2
188,AP ARQ. LOPEZ OTERO,2018-01-08 21:00,5,2,3
189,AP ARQ. LOPEZ OTERO,2018-01-08 22:00,2,2,0
190,AP ARQ. LOPEZ OTERO,2018-01-08 23:00,3,2,1
191,AP ARQ. LOPEZ OTERO,2018-01-09 0:00,0,0,0
192,AP ARQ. LOPEZ OTERO,2018-01-09 1:00,1,1,0
193,AP ARQ. LOPEZ OTERO,2018-01-09 2:00,3,3,0
194,AP ARQ. LOPEZ OTERO,2018-01-09 3:00,2,0,2
195,AP ARQ. LOPEZ OTERO,2018-01-09 4:00,3,1,2
196,AP ARQ. LOPEZ OTERO,2018-01-09 5:00,1,1,0
197,AP ARQ. LOPEZ OTERO,2018-01-09 6:00,1,1,0
198,AP ARQ. LOPEZ OTERO,2018-01-09 7:00,1,0,1
199,AP ARQ. LOPEZ OTERO,2018-01-09 8:00,2,0,2
200,AP ARQ. LOPEZ OTERO,2018-01-09 9:00,0,0,0
201,AP ARQ. LOPEZ OTERO,2018-01-09 10:00,5,4,1
202,AP ARQ. LOPEZ OTERO,2018-01-09 11:00,2,0,2
203,AP ARQ. LOPEZ OTERO,2018-01-09 12:00,0,0,0
204,AP ARQ. LOPEZ OTERO,2018-01-09 13:00,1,1,0
205,AP ARQ. LOPEZ OTERO,2018-01-09 14:00,1,1,0
206,AP ARQ. LOPEZ OTERO,2018-01-09 15:00,4,4,0
207,AP ARQ. LOPEZ OTERO,2018-01-09 16:00,5,4,1
208,AP ARQ. LOPEZ OTERO,2018-01-09 17:00,3,1,2
209,AP ARQ. LOPEZ OTERO,2018-01-09 18:00,5,5,0
210,AP ARQ. LOPEZ OTERO,2018-01-09 19:00,5,2,3
211,AP ARQ. LOPEZ OTERO,2018-01-09 20:00,3,2,1
212,AP ARQ. LOPEZ OTERO,2018-01-09 21:00,4,3,1
213,AP ARQ. LOPEZ OTERO,2018-01-09 22:00,3,3,0
214,AP ARQ. LOPEZ OTERO,2018-01-09 23:00,3,3,0
215,AP ARQ. LOPEZ OTERO,2018-01-10 0:00,3,3,0
216,AP ARQ. LOPEZ OTERO,2018-01-10 1:00,1,1,0
217,AP ARQ. LOPEZ OTERO,2018-01-10 2:00,5,1,4
218,AP ARQ. LOPEZ OTERO,2018-01-10 3:00,0,0,0
219,AP ARQ. LOPEZ OTERO,2018-01-10 4:00,3,1,2
220,AP ARQ. LOPEZ OTERO,2018-01-10 5:00,1,1,0
221,AP ARQ. LOPEZ OTERO,2018-01-10 6:00,1,1,0
222,AP ARQ. LOPEZ OTERO,2018-01-10 7:00,1,1,0
223,AP ARQ. LOPEZ OTERO,2018-01-10 8:00,1,0,1
224,AP ARQ. LOPEZ OTERO,2018-01-10 9:00,3,2,1
225,AP ARQ. LOPEZ OTERO,2018-01-10 10:00,0,0,0
226,AP ARQ. LOPEZ OTERO,2018-01-10 11:00,2,1,1
227,AP ARQ. LOPEZ OTERO,2018-01-10 12:00,0,0,0
228,AP ARQ. LOPEZ OTERO,2018-01-10 13:00,3,2,1
229,AP ARQ. LOPEZ OTERO,2018-01-10 14:00,5,5,0
230,AP ARQ. LOPEZ OTERO,2018-01-10 15:00,0,0,0
231,AP ARQ. LOPEZ OTERO,2018-01-10 16:00,2,1,1
232,AP ARQ. LOPEZ OTERO,2018-01-10 17:00,5,5,0
233,AP ARQ. LOPEZ OTERO,2018-01-10 18:00,2,0,2
234,AP ARQ. LOPEZ OTERO,2018-01-10 19:00,5,4,1
235,AP ARQ. LOPEZ OTERO,2018-01-10 20:00,4,1,3
236,AP ARQ. LOPEZ OTERO,2018-01-10 21:00,1,1,0
237,AP ARQ. LOPEZ OTERO,2018-01-10 22:00,2,1,1
238,AP ARQ. LOPEZ OTERO,2018-01-10 23:00,5,1,4
239,AP ARQ. LOPEZ OTERO,2018-01-11 0:00,0,0,0
240,AP ARQ. LOPEZ OTERO,2018-01-11 1:00,1,1,0
241,AP ARQ. LOPEZ OTERO,2018-01-11 2:00,1,0,1
242,AP ARQ. LOPEZ OTERO,2018-01-11 3:00,2,0,2
243,AP ARQ. LOPEZ OTERO,2018-01-11 4:00,2,0,2
244,AP ARQ. LOPEZ OTERO,2018-01-11 5:00,1,1,0
245,AP ARQ. LOPEZ OTERO,2018-01-11 6:00,2,1,1
246,AP ARQ. LOPEZ OTERO,2018-01-11 7:00,1,1,0
247,AP ARQ. LOPEZ OTERO,2018-01-11 8:00,5,1,4
248,AP ARQ. LOPEZ OTERO,2018-01-11 9:00,0,0,0
249,AP ARQ. LOPEZ OTERO,2018-01-11 10:00,3,0,3
250,AP ARQ. LOPEZ OTERO,2018-01-11 11:00,2,2,0
251,AP ARQ. LOPEZ OTERO,2018-01-11 12:00,1,1,0
252,AP ARQ. LOPEZ OTERO,2018-01-11 13:00,2,1,1
253,AP ARQ. LOPEZ OTERO,2018-01-11 14:00,1,1,0
254,AP ARQ. LOPEZ OTERO,2018-01-11 15:00,1,1,0
255,AP ARQ. LOPEZ OTERO,2018-01-11 16:00,1,1,0
256,AP ARQ. LOPEZ OTERO,2018-01-11 17:00,1,1,0
257,AP ARQ. LOPEZ OTERO,2018-01-11 18:00,2,2,0
258,AP ARQ. LOPEZ OTERO,2018-01-11 19:00,2,2,0
259,AP ARQ. LOPEZ OTERO,2018-01-11 20:00,5,5,0
260,AP ARQ. LOPEZ OTERO,2018-01-11 21:00,5,3,2
261,AP ARQ. LOPEZ OTERO,2018-01-11 22:00,4,2,2
262,AP ARQ. LOPEZ OTERO,2018-01-11 23:00,2,2,0
263,AP ARQ. LOPEZ OTERO,2018-01-12 0:00,0,0,0
264,AP ARQ. LOPEZ OTERO,2018-01-12 1:00,0,0,0
265,AP ARQ. LOPEZ OTERO,2018-01-12 2:00,3,3,0
266,AP ARQ. LOPEZ OTERO,2018-01-12 3:00,4,3,1
267,AP ARQ. LOPEZ OTERO,2018-01-12 4:00,3,0,3
268,AP ARQ. LOPEZ OTERO,2018-01-12 5:00,4,1,3
269,AP ARQ. LOPEZ OTERO,2018-01-12 6:00,2,0,2
270,AP ARQ. LOPEZ OTERO,2018-01-12 7:00,4,1,3
271,AP ARQ. LOPEZ OTERO,2018-01-12 8:00,3,3,0
272,AP ARQ. LOPEZ OTERO,2018-01-12 9:00,3,3,0
273,AP ARQ. LOPEZ OTERO,2018-01-12 10:00,6,6,0
274,AP ARQ. LOPEZ OTERO,2018-01-12 11:00,2,2,0
275,AP ARQ. LOPEZ OTERO,2018-01-12 12:00,2,1,1
276,AP ARQ. LOPEZ OTERO,2018-01-12 13:00,4,3,1
277,AP ARQ. LOPEZ OTERO,2018-01-12 14:00,0,0,0
278,AP ARQ. LOPEZ OTERO,2018-01-12 15:00,1,1,0
279,AP ARQ. LOPEZ OTERO,2018-01-12 16:00,2,1,1
280,AP ARQ. LOPEZ OTERO,2018-01-12 17:00,2,2,0
281,AP ARQ. LOPEZ OTERO,2018-01-12 18:00,1,1,0
282,AP ARQ. LOPEZ OTERO,2018-01-12 19:00,1,0,1
283,AP ARQ. LOPEZ OTERO,2018-01-12 20:00,2,2,0
284,AP ARQ. LOPEZ OTERO,2018-01-12 21:00,2,2,0
285,AP ARQ. LOPEZ OTERO,2018-01-12 22:00,0,0,0
286,AP ARQ. LOPEZ OTERO,2018-01-12 23:00,6,1,5
287,AP ARQ. LOPEZ OTERO,2018-01-13 0:00,2,1,1
288,AP ARQ. LOPEZ OTERO,2018-01-13 1:00,4,2,2
289,AP ARQ. LOPEZ OTERO,2018-01-13 2:00,4,1,3
290,AP ARQ. LOPEZ OTERO,2018-01-13 3:00,4,3,1
291,AP ARQ. LOPEZ OTERO,2018-01-13 4:00,5,5,0
292,AP ARQ. LOPEZ OTERO,2018-01-13 5:00,1,1,0
293,AP ARQ. LOPEZ OTERO,2018-01-13 6:00,1,1,0
294,AP ARQ. LOPEZ OTERO,2018-01-13 7:00,7,6,1
295,AP ARQ. LOPEZ OTERO,2018-01-13 8:00,2,2,0
296,AP ARQ. LOPEZ OTERO,2018-01-13 9:00,2,2,0
297,AP ARQ. LOPEZ OTERO,2018-01-13 10:00,2,2,0
298,AP ARQ. LOPEZ OTERO,2018-01-13 11:00,2,2,0
299,AP ARQ. LOPEZ OTERO,2018-01-13 12:00,5,5,0
300,AP ARQ. LOPEZ OTERO,2018-01-13 13:00,4,3,1
301,AP ARQ. LOPEZ OTERO,2018-01-13 14:00,5,2,3
302,AP ARQ. LOPEZ OTERO,2018-01-13 15:00,2,2,0
303,AP ARQ. LOPEZ OTERO,2018-01-13 16:00,3,0,3
304,AP ARQ. LOPEZ OTERO,2018-01-13 17:00,7,6,1
305,AP ARQ. LOPEZ OTERO,2018-01-13 18:00,0,0,0
306,AP ARQ. LOPEZ OTERO,2018-01-13 19:00,5,2,3
307,AP ARQ. LOPEZ OTERO,2018-01-13 20:00,3,1,2
308,AP ARQ. LOPEZ OTERO,2018-01-13 21:00,0,0,0
309,AP ARQ. LOPEZ OTERO,2018-01-13 22:00,1,0,1
310,AP ARQ. LOPEZ OTERO,2018-01-13 23:00,2,0,2
311,AP ARQ. LOPEZ OTERO,2018-01-14 0:00,5,5,0
312,AP ARQ. LOPEZ OTERO,2018-01-14 1:00,3,2,1
313,AP ARQ. LOPEZ OTERO,2018-01-14 2:00,2,0,2
314,AP ARQ. LOPEZ OTERO,2018-01-14 3:00,2,2,0
315,AP ARQ. LOPEZ OTERO,2018-01-14 4:00,0,0,0
316,AP ARQ. LOPEZ OTERO,2018-01-14 5:00,3,3,0
317,AP ARQ. LOPEZ OTERO,2018-01-14 6:00,2,2,0
318,AP ARQ. LOPEZ OTERO,2018-01-14 7:00,2,1,1
319,AP ARQ. LOPEZ OTERO,2018-01-14 8:00,0,0,0
320,AP ARQ. LOPEZ OTERO,2018-01-14 9:00,1,1,0
321,AP ARQ. LOPEZ OTERO,2018-01-14 10:00,3,1,2
322,AP ARQ. LOPEZ OTERO,2018-01-14 11:00,1,0,1
323,AP ARQ. LOPEZ OTERO,2018-01-14 12:00,2,2,0
324,AP ARQ. LOPEZ OTERO,2018-01-14 13:00,1,0,1
325,AP ARQ. LOPEZ OTERO,2018-01-14 14:00,3,2,1
326,AP ARQ. LOPEZ OTERO,2018-01-14 15:00,4,2,2
327,AP ARQ. LOPEZ OTERO,2018-01-14 16:00,4,1,3
328,AP ARQ. LOPEZ OTERO,2018-01-14 17:00,0,0,0
329,AP ARQ. LOPEZ OTERO,2018-01-14 18:00,1,1,0
330,AP ARQ. LOPEZ OTERO,2018-01-14 19:00,4,4,0
331,AP ARQ. LOPEZ OTERO,2018-01-14 20:00,4,0,4
332,AP ARQ. LOPEZ OTERO,2018-01-14 21:00,1,1,0
333,AP ARQ. LOPEZ OTERO,2018-01-14 22:00,2,2,0
334,AP ARQ. LOPEZ OTERO,2018-01-14 23:00,1,1,0
335,AP ARQ. LOPEZ OTERO,2018-01-15 0:00,3,3,0
336,AP ARQ. LOPEZ OTERO,2018-01-15 1:00,2,2,0
337,AP ARQ. LOPEZ OTERO,2018-01-15 2:00,1,1,0
338,AP ARQ. LOPEZ OTERO,2018-01-15 3:00,1,1,0
339,AP ARQ. LOPEZ OTERO,2018-01-15 4:00,6,0,6
340,AP ARQ. LOPEZ OTERO,2018-01-15 5:00,3,2,1
341,AP ARQ. LOPEZ OTERO,2018-01-15 6:00,2,1,1
342,AP ARQ. LOPEZ OTERO,2018-01-15 7:00,3,3,0
343,AP ARQ. LOPEZ OTERO,2018-01-15 8:00,1,1,0
344,AP ARQ. LOPEZ OTERO,2018-01-15 9:00,3,1,2
345,AP ARQ. LOPEZ OTERO,2018-01-15 10:00,3,0,3
346,AP ARQ. LOPEZ OTERO,2018-01-15 11:00,1,1,0
347,AP ARQ. LOPEZ OTERO,2018-01-15 12:00,2,1,1
348,AP ARQ. LOPEZ OTERO,2018-01-15 13:00,4,2,2
349,AP ARQ. LOPEZ OTERO,2018-01-15 14:00,5,3,2
350,AP ARQ. LOPEZ OTERO,2018-01-15 15:00,2,1,1
351,AP ARQ. LOPEZ OTERO,2018-01-15 16:00,2,2,0
352,AP ARQ. LOPEZ OTERO,2018-01-15 17:00,5,2,3
353,AP ARQ. LOPEZ OTERO,2018-01-15 18:00,1,0,1
354,AP ARQ. LOPEZ OTERO,2018-01-15 19:00,1,1,0
355,AP ARQ. LOPEZ OTERO,2018-01-15 20:00,1,1,0
356,AP ARQ. LOPEZ OTERO,2018-01-15 21:00,3,1,2
357,AP ARQ. LOPEZ OTERO,2018-01-15 22:00,2,2,0
358,AP ARQ. LOPEZ OTERO,2018-01-15 23:00,0,0,0
359,AP ARQ. LOPEZ OTERO,2018-01-16 0:00,1,1,0
360,AP ARQ. LOPEZ OTERO,2018-01-16 1:00,1,1,0
361,AP ARQ. LOPEZ OTERO,2018-01-16 2:00,3,3,0
362,AP ARQ. LOPEZ OTERO,2018-01-16 3:00,2,1,1
363,AP ARQ. LOPEZ OTERO,2018-01-16 4:00,4,0,4
364,AP ARQ. LOPEZ OTERO,2018-01-16 5:00,0,0,0
365,AP ARQ. LOPEZ OTERO,2018-01-16 6:00,0,0,0
366,AP ARQ. LOPEZ OTERO,2018-01-16 7:00,2,2,0
367,AP ARQ. LOPEZ OTERO,2018-01-16 8:00,1,0,1
368,AP ARQ. LOPEZ OTERO,2018-01-16 9:00,2,2,0
369,AP ARQ. LOPEZ OTERO,2018-01-16 10:00,4,2,2
370,AP ARQ. LOPEZ OTERO,2018-01-16 11:00,2,2,0
371,AP ARQ. LOPEZ OTERO,2018-01-16 12:00,1,1,0
372,AP ARQ. LOPEZ OTERO,2018-01-16 13:00,5,5,0
373,AP ARQ. LOPEZ OTERO,2018-01-16 14:00,0,0,0
374,AP ARQ. LOPEZ OTERO,2018-01-16 15:00,3,2,1
375,AP ARQ. LOPEZ OTERO,2018-01-16 16:00,0,0,0
376,AP ARQ. LOPEZ OTERO,2018-01-16 17:00,0,0,0
377,AP ARQ. LOPEZ OTERO,2018-01-16 18:00,3,2,1
378,AP ARQ. LOPEZ OTERO,2018-01-16 19:00,1,1,0
379,AP ARQ. LOPEZ OTERO,2018-01-16 20:00,4,0,4
380,AP ARQ. LOPEZ OTERO,2018-01-16 21:00,1,1,0
381,AP ARQ. LOPEZ OTERO,2018-01-16 22:00,4,2,2
382,AP ARQ. LOPEZ OTERO,2018-01-16 23:00,1,0,1
383,AP ARQ. LOPEZ OTERO,2018-01-17 0:00,1,0,1
384,AP ARQ. LOPEZ OTERO,2018-01-17 1:00,3,2,1
385,AP ARQ. LOPEZ OTERO,2018-01-17 2:00,1,1,0
386,AP ARQ. LOPEZ OTERO,2018-01-17 3:00,0,0,0
387,AP ARQ. LOPEZ OTERO,2018-01-17 4:00,3,2,1
388,AP ARQ. LOPEZ OTERO,2018-01-17 5:00,7,5,2
389,AP ARQ. LOPEZ OTERO,2018-01-17 6:00,2,1,1
390,AP ARQ. LOPEZ OTERO,2018-01-17 7:00,1,1,0
391,AP ARQ. LOPEZ OTERO,2018-01-17 8:00,2,2,0
392,AP ARQ. LOPEZ OTERO,2018-01-17 9:00,1,0,1
393,AP ARQ. LOPEZ OTERO,2018-01-17 10:00,0,0,0
394,AP ARQ. LOPEZ OTERO,2018-01-17 11:00,2,2,0
395,AP ARQ. LOPEZ OTERO,2018-01-17 12:00,2,2,0
396,AP ARQ. LOPEZ OTERO,2018-01-17 13:00,5,3,2
397,AP ARQ. LOPEZ OTERO,2018-01-17 14:00,3,2,1
398,AP ARQ. LOPEZ OTERO,2018-01-17 15:00,1,0,1
399,AP ARQ. LOPEZ OTERO,2018-01-17 16:00,4,1,3
400,AP ARQ. LOPEZ OTERO,2018-01-17 17:00,0,0,0
401,AP ARQ. LOPEZ OTERO,2018-01-17 18:00,4,1,3
402,AP ARQ. LOPEZ OTERO,2018-01-17 19:00,2,1,1
403,AP ARQ. LOPEZ OTERO,2018-01-17 20:00,1,0,1
404,AP ARQ. LOPEZ OTERO,2018-01-17 21:00,4,2,2
405,AP ARQ. LOPEZ OTERO,2018-01-17 22:00,3,2,1
406,AP ARQ. LOPEZ OTERO,2018-01-17 23:00,2,1,1
407,AP ARQ. LOPEZ OTERO,2018-01-18 0:00,2,2,0
408,AP ARQ. LOPEZ OTERO,2018-01-18 1:00,4,3,1
409,AP ARQ. LOPEZ OTERO,2018-01-18 2:00,2,1,1
410,AP ARQ. LOPEZ OTERO,2018-01-18 3:00,2,1,1
411,AP ARQ. LOPEZ OTERO,2018-01-18 4:00,4,4,0
412,AP ARQ. LOPEZ OTERO,2018-01-18 5:00,5,4,1
413,AP ARQ. LOPEZ OTERO,2018-01-18 6:00,2,1,1
414,AP ARQ. LOPEZ OTERO,2018-01-18 7:00,5,2,3
415,AP ARQ. LOPEZ OTERO,2018-01-18 8:00,1,1,0
416,AP ARQ. LOPEZ OTERO,2018-01-18 9:00,1,1,0
417,AP ARQ. LOPEZ OTERO,2018-01-18 10:00,1,0,1
418,AP ARQ. LOPEZ OTERO,2018-01-18 11:00,0,0,0
419,AP ARQ. LOPEZ OTERO,2018-01-18 12:00,5,4,1
420,AP ARQ. LOPEZ OTERO,2018-01-18 13:00,1,0,1
421,AP ARQ. LOPEZ OTERO,2018-01-18 14:00,5,1,4
422,AP ARQ. LOPEZ OTERO,2018-01-18 15:00,1,1,0
423,AP ARQ. LOPEZ OTERO,2018-01-18 16:00,1,1,0
424,AP ARQ. LOPEZ OTERO,2018-01-18 17:00,3,3,0
425,AP ARQ. LOPEZ OTERO,2018-01-18 18:00,4,1,3
426,AP ARQ. LOPEZ OTERO,2018-01-18 19:00,0,0,0
427,AP ARQ. LOPEZ OTERO,2018-01-18 20:00,2,1,1
428,AP ARQ. LOPEZ OTERO,2018-01-18 21:00,4,1,3
429,AP ARQ. LOPEZ OTERO,2018-01-18 22:00,5,4,1
430,AP ARQ. LOPEZ OTERO,2018-01-18 23:00,0,0,0
431,AP ARQ. LOPEZ OTERO,2018-01-19 0:00,3,3,0
432,AP ARQ. LOPEZ OTERO,2018-01-19 1:00,1,0,1
433,AP ARQ. LOPEZ OTERO,2018-01-19 2:00,1,1,0
434,AP ARQ. LOPEZ OTERO,2018-01-19 3:00,2,1,1
435,AP ARQ. LOPEZ OTERO,2018-01-19 4:00,4,4,0
436,AP ARQ. LOPEZ OTERO,2018-01-19 5:00,3,2,1
437,AP ARQ. LOPEZ OTERO,2018-01-19 6:00,3,2,1
438,AP ARQ. LOPEZ OTERO,2018-01-19 7:00,1,1,0
439,AP ARQ. LOPEZ OTERO,2018-01-19 8:00,5,3,2
440,AP ARQ. LOPEZ OTERO,2018-01-19 9:00,1,1,0
441,AP ARQ. LOPEZ OTERO,2018-01-19 10:00,3,3,0
442,AP ARQ. LOPEZ OTERO,2018-01-19 11:00,3,2,1
443,AP ARQ. LOPEZ OTERO,2018-01-19 12:00,2,1,1
444,AP ARQ. LOPEZ OTERO,2018-01-19 13:00,1,1,0
445,AP ARQ. LOPEZ OTERO,2018-01-19 14:00,3,2,1
446,AP ARQ. LOPEZ OTERO,2018-01-19 15:00,0,0,0
447,AP ARQ. LOPEZ OTERO,2018-01-19 16:00,1,1,0
448,AP ARQ. LOPEZ OTERO,2018-01-19 17:00,1,0,1
449,AP ARQ. LOPEZ OTERO,2018-01-19 18:00,1,1,0
450,AP ARQ. LOPEZ OTERO,2018-01-19 19:00,4,1,3
451,AP ARQ. LOPEZ OTERO,2018-01-19 20:00,1,0,1
452,AP ARQ. LOPEZ OTERO,2018-01-19 21:00,2,2,0
453,AP ARQ. LOPEZ OTERO,2018-01-19 22:00,5,2,3
454,AP ARQ. LOPEZ OTERO,2018-01-19 23:00,2,1,1
455,AP ARQ. LOPEZ OTERO,2018-01-20 0:00,4,3,1
456,AP ARQ. LOPEZ OTERO,2018-01-20 1:00,2,2,0
457,AP ARQ. LOPEZ OTERO,2018-01-20 2:00,0,0,0
458,AP ARQ. LOPEZ OTERO,2018-01-20 3:00,1,1,0
459,AP ARQ. LOPEZ OTERO,2018-01-20 4:00,4,2,2
460,AP ARQ. LOPEZ OTERO,2018-01-20 5:00,1,1,0
461,AP ARQ. LOPEZ OTERO,2018-01-20 6:00,1,1,0
462,AP ARQ. LOPEZ OTERO,2018-01-20 7:00,3,1,2
463,AP ARQ. LOPEZ OTERO,2018-01-20 8:00,4,4,0
464,AP ARQ. LOPEZ OTERO,2018-01-20 9:00,1,1,0
465,AP ARQ. LOPEZ OTERO,2018-01-20 10:00,3,3,0
466,AP ARQ. LOPEZ OTERO,2018-01-20 11:00,6,0,6
467,AP ARQ. LOPEZ OTERO,2018-01-20 12:00,4,1,3
468,AP ARQ. LOPEZ OTERO,2018-01-20 13:00,7,4,3
469,AP ARQ. LOPEZ OTERO,2018-01-20 14:00,2,2,0
470,AP ARQ. LOPEZ OTERO,2018-01-20 15:00,4,2,2
471,AP ARQ. LOPEZ OTERO,2018-01-20 16:00,6,5,1
472,AP ARQ. LOPEZ OTERO,2018-01-20 17:00,3,3,0
473,AP ARQ. LOPEZ OTERO,2018-01-20 18:00,3,1,2
474,AP ARQ. LOPEZ OTERO,2018-01-20 19:00,0,0,0
475,AP ARQ. LOPEZ OTERO,2018-01-20 20:00,6,0,6
476,AP ARQ. LOPEZ OTERO,2018-01-20 21:00,3,3,0
477,AP ARQ. LOPEZ OTERO,2018-01-20 22:00,1,1,0
478,AP ARQ. LOPEZ OTERO,2018-01-20 23:00,3,3,0
479,AP ARQ. LOPEZ OTERO,2018-01-21 0:00,1,0,1
480,AP ARQ. LOPEZ OTERO,2018-01-21 1:00,2,1,1
481,AP ARQ. LOPEZ OTERO,2018-01-21 2:00,6,4,2
482,AP ARQ. LOPEZ OTERO,2018-01-21 3:00,5,2,3
483,AP ARQ. LOPEZ OTERO,2018-01-21 4:00,2,0,2
484,AP ARQ. LOPEZ OTERO,2018-01-21 5:00,4,2,2
485,AP ARQ. LOPEZ OTERO,2018-01-21 6:00,0,0,0
486,AP ARQ. LOPEZ OTERO,2018-01-21 7:00,3,2,1
487,AP ARQ. LOPEZ OTERO,2018-01-21 8:00,1,0,1
488,AP ARQ. LOPEZ OTERO,2018-01-21 9:00,3,3,0
489,AP ARQ. LOPEZ OTERO,2018-01-21 10:00,1,1,0
490,AP ARQ. LOPEZ OTERO,2018-01-21 11:00,3,2,1
491,AP ARQ. LOPEZ OTERO,2018-01-21 12:00,2,0,2
492,AP ARQ. LOPEZ OTERO,2018-01-21 13:00,4,3,1
493,AP ARQ. LOPEZ OTERO,2018-01-21 14:00,0,0,0
494,AP ARQ. LOPEZ OTERO,2018-01-21 15:00,2,0,2
495,AP ARQ. LOPEZ OTERO,2018-01-21 16:00,5,0,5
496,AP ARQ. LOPEZ OTERO,2018-01-21 17:00,2,2,0
497,AP ARQ. LOPEZ OTERO,2018-01-21 18:00,4,3,1
498,AP ARQ. LOPEZ OTERO,2018-01-21 19:00,1,1,0
499,AP ARQ. LOPEZ OTERO,2018-01-21 20:00,0,0,0
500,AP ARQ. LOPEZ OTERO,2018-01-21 21:00,1,1,0
501,AP ARQ. LOPEZ OTERO,2018-01-21 22:00,4,3,1
502,AP ARQ. LOPEZ OTERO,2018-01-21 23:00,2,2,0
503,AP ARQ. LOPEZ OTERO,2018-01-22 0:00,1,0,1
504,AP ARQ. LOPEZ OTERO,2018-01-22 1:00,1,0,1
505,AP ARQ. LOPEZ OTERO,2018-01-22 2:00,5,4,1
506,AP ARQ. LOPEZ OTERO,2018-01-22 3:00,2,0,2
507,AP ARQ. LOPEZ OTERO,2018-01-22 4:00,4,3,1
508,AP ARQ. LOPEZ OTERO,2018-01-22 5:00,2,1,1
509,AP ARQ. LOPEZ OTERO,2018-01-22 6:00,4,0,4
510,AP ARQ. LOPEZ OTERO,2018-01-22 7:00,3,3,0
511,AP ARQ. LOPEZ OTERO,2018-01-22 8:00,1,1,0
512,AP ARQ. LOPEZ OTERO,2018-01-22 9:00,4,2,2
513,AP ARQ. LOPEZ OTERO,2018-01-22 10:00,5,4,1
514,AP ARQ. LOPEZ OTERO,2018-01-22 11:00,0,0,0
515,AP ARQ. LOPEZ OTERO,2018-01-22 12:00,0,0,0
516,AP ARQ. LOPEZ OTERO,2018-01-22 13:00,3,1,2
517,AP ARQ. LOPEZ OTERO,2018-01-22 14:00,0,0,0
518,AP ARQ. LOPEZ OTERO,2018-01-22 15:00,2,1,1
519,AP ARQ. LOPEZ OTERO,2018-01-22 16:00,3,2,1
520,AP ARQ. LOPEZ OTERO,2018-01-22 17:00,4,2,2
521,AP ARQ. LOPEZ OTERO,2018-01-22 18:00,4,3,1
522,AP ARQ. LOPEZ OTERO,2018-01-22 19:00,4,4,0
523,AP ARQ. LOPEZ OTERO,2018-01-22 20:00,1,1,0
524,AP ARQ. LOPEZ OTERO,2018-01-22 21:00,2,2,0
525,AP ARQ. LOPEZ OTERO,2018-01-22 22:00,3,1,2
526,AP ARQ. LOPEZ OTERO,2018-01-22 23:00,3,3,0
527,AP ARQ. LOPEZ OTERO,2018-01-23 0:00,3,2,1
528,AP ARQ. LOPEZ OTERO,2018-01-23 1:00,1,0,1
529,AP ARQ. LOPEZ OTERO,2018-01-23 2:00,3,2,1
530,AP ARQ. LOPEZ OTERO,2018-01-23 3:00,3,1,2
531,AP ARQ. LOPEZ OTERO,2018-01-23 4:00,2,2,0
532,AP ARQ. LOPEZ OTERO,2018-01-23 5:00,2,1,1
533,AP ARQ. LOPEZ OTERO,2018-01-23 6:00,4,4,0
534,AP ARQ. LOPEZ OTERO,2018-01-23 7:00,0,0,0
535,AP ARQ. LOPEZ OTERO,2018-01-23 8:00,1,1,0
536,AP ARQ. LOPEZ OTERO,2018-01-23 9:00,2,1,1
537,AP ARQ. LOPEZ OTERO,2018-01-23 10:00,1,0,1
538,AP ARQ. LOPEZ OTERO,2018-01-23 11:00,5,2,3
539,AP ARQ. LOPEZ OTERO,2018-01-23 12:00,7,6,1
540,AP ARQ. LOPEZ OTERO,2018-01-23 13:00,3,3,0
541,AP ARQ. LOPEZ OTERO,2018-01-23 14:00,4,4,0
542,AP ARQ. LOPEZ OTERO,2018-01-23 15:00,4,1,3
543,AP ARQ. LOPEZ OTERO,2018-01-23 16:00,4,0,4
544,AP ARQ. LOPEZ OTERO,2018-01-23 17:00,3,1,2
545,AP ARQ. LOPEZ OTERO,2018-01-23 18:00,1,1,0
546,AP ARQ. LOPEZ OTERO,2018-01-23 19:00,5,5,0
547,AP ARQ. LOPEZ OTERO,2018-01-23 20:00,0,0,0
548,AP ARQ. LOPEZ OTERO,2018-01-23 21:00,2,0,2
549,AP ARQ. LOPEZ OTERO,2018-01-23 22:00,4,4,0
550,AP ARQ. LOPEZ OTERO,2018-01-23 23:00,3,3,0
551,AP ARQ. LOPEZ OTERO,2018-01-24 0:00,2,2,0
552,AP ARQ. LOPEZ OTERO,2018-01-24 1:00,2,2,0
553,AP ARQ. LOPEZ OTERO,2018-01-24 2:00,3,2,1
554,AP ARQ. LOPEZ OTERO,2018-01-24 3:00,1,1,0
555,AP ARQ. LOPEZ OTERO,2018-01-24 4:00,2,0,2
556,AP ARQ. LOPEZ OTERO,2018-01-24 5:00,5,4,1
557,AP ARQ. LOPEZ OTERO,2018-01-24 6:00,3,1,2
558,AP ARQ. LOPEZ OTERO,2018-01-24 7:00,3,0,3
559,AP ARQ. LOPEZ OTERO,2018-01-24 8:00,2,1,1
560,AP ARQ. LOPEZ OTERO,2018-01-24 9:00,2,1,1
561,AP ARQ. LOPEZ OTERO,2018-01-24 10:00,0,0,0
562,AP ARQ. LOPEZ OTERO,2018-01-24 11:00,3,1,2
563,AP ARQ. LOPEZ OTERO,2018-01-24 12:00,0,0,0
564,AP ARQ. LOPEZ OTERO,2018-01-24 13:00,5,0,5
565,AP ARQ. LOPEZ OTERO,2018-01-24 14:00,2,0,2
566,AP ARQ. LOPEZ OTERO,2018-01-24 15:00,4,2,2
567,AP ARQ. LOPEZ OTERO,2018-01-24 16:00,6,0,6
568,AP ARQ. LOPEZ OTERO,2018-01-24 17:00,2,1,1
569,AP ARQ. LOPEZ OTERO,2018-01-24 18:00,0,0,0
570,AP ARQ. LOPEZ OTERO,2018-01-24 19:00,2,1,1
571,AP ARQ. LOPEZ OTERO,2018-01-24 20:00,1,1,0
572,AP ARQ. LOPEZ OTERO,2018-01-24 21:00,0,0,0
573,AP ARQ. LOPEZ OTERO,2018-01-24 22:00,5,3,2
574,AP ARQ. LOPEZ OTERO,2018-01-24 23:00,1,1,0
575,AP ARQ. LOPEZ OTERO,2018-01-25 0:00,2,2,0
576,AP ARQ. LOPEZ OTERO,2018-01-25 1:00,6,2,4
577,AP ARQ. LOPEZ OTERO,2018-01-25 2:00,4,4,0
578,AP ARQ. LOPEZ OTERO,2018-01-25 3:00,6,1,5
579,AP ARQ. LOPEZ OTERO,2018-01-25 4:00,1,1,0
580,AP ARQ. LOPEZ OTERO,2018-01-25 5:00,4,1,3
581,AP ARQ. LOPEZ OTERO,2018-01-25 6:00,5,2,3
582,AP ARQ. LOPEZ OTERO,2018-01-25 7:00,5,2,3
583,AP ARQ. LOPEZ OTERO,2018-01-25 8:00,1,1,0
584,AP ARQ. LOPEZ OTERO,2018-01-25 9:00,1,0,1
585,AP ARQ. LOPEZ OTERO,2018-01-25 10:00,2,1,1
586,AP ARQ. LOPEZ OTERO,2018-01-25 11:00,2,1,1
587,AP ARQ. LOPEZ OTERO,2018-01-25 12:00,1,1,0
588,AP ARQ. LOPEZ OTERO,2018-01-25 13:00,3,1,2
589,AP ARQ. LOPEZ OTERO,2018-01-25 14:00,2,2,0
590,AP ARQ. LOPEZ OTERO,2018-01-25 15:00,0,0,0
591,AP ARQ. LOPEZ OTERO,2018-01-25 16:00,3,3,0
592,AP ARQ. LOPEZ OTERO,2018-01-25 17:00,1,1,0
593,AP ARQ. LOPEZ OTERO,2018-01-25 18:00,4,4,0
594,AP ARQ. LOPEZ OTERO,2018-01-25 19:00,2,1,1
595,AP ARQ. LOPEZ OTERO,2018-01-25 20:00,2,2,0
596,AP ARQ. LOPEZ OTERO,2018-01-25 21:00,3,1,2
597,AP ARQ. LOPEZ OTERO,2018-01-25 22:00,0,0,0
598,AP ARQ. LOPEZ OTERO,2018-01-25 23:00,1,1,0
599,AP ARQ. LOPEZ OTERO,2018-01-26 0:00,1,1,0
600,AP ARQ. LOPEZ OTERO,2018-01-26 1:00,1,1,0
601,AP ARQ. LOPEZ OTERO,2018-01-26 2:00,3,2,1
602,AP ARQ. LOPEZ OTERO,2018-01-26 3:00,3,2,1
603,AP ARQ. LOPEZ OTERO,2018-01-26 4:00,3,3,0
604,AP ARQ. LOPEZ OTERO,2018-01-26 5:00,0,0,0
605,AP ARQ. LOPEZ OTERO,2018-01-26 6:00,3,1,2
606,AP ARQ. LOPEZ OTERO,2018-01-26 7:00,3,2,1
607,AP ARQ. LOPEZ OTERO,2018-01-26 8:00,2,2,0
608,AP ARQ. LOPEZ OTERO,2018-01-26 9:00,0,0,0
609,AP ARQ. LOPEZ OTERO,2018-01-26 10:00,0,0,0
610,AP ARQ. LOPEZ OTERO,2018-01-26 11:00,2,1,1
611,AP ARQ. LOPEZ OTERO,2018-01-26 12:00,4,0,4
612,AP ARQ. LOPEZ OTERO,2018-01-26 13:00,2,2,0
613,AP ARQ. LOPEZ OTERO,2018-01-26 14:00,2,2,0
614,AP ARQ. LOPEZ OTERO,2018-01-26 15:00,4,3,1
615,AP ARQ. LOPEZ OTERO,2018-01-26 16:00,3,2,1
616,AP ARQ. LOPEZ OTERO,2018-01-26 17:00,1,1,0
617,AP ARQ. LOPEZ OTERO,2018-01-26 18:00,2,2,0
618,AP ARQ. LOPEZ OTERO,2018-01-26 19:00,3,2,1
619,AP ARQ. LOPEZ OTERO,2018-01-26 20:00,2,1,1
620,AP ARQ. LOPEZ OTERO,2018-01-26 21:00,1,1,0
621,AP ARQ. LOPEZ OTERO,2018-01-26 22:00,2,1,1
622,AP ARQ. LOPEZ OTERO,2018-01-26 23:00,3,1,2
623,AP ARQ. LOPEZ OTERO,2018-01-27 0:00,5,1,4
624,AP ARQ. LOPEZ OTERO,2018-01-27 1:00,4,4,0
625,AP ARQ. LOPEZ OTERO,2018-01-27 2:00,3,1,2
626,AP ARQ. LOPEZ OTERO,2018-01-27 3:00,3,1,2
627,AP ARQ. LOPEZ OTERO,2018-01-27 4:00,1,1,0
628,AP ARQ. LOPEZ OTERO,2018-01-27 5:00,2,2,0
629,AP ARQ. LOPEZ OTERO,2018-01-27 6:00,0,0,0
630,AP ARQ. LOPEZ OTERO,2018-01-27 7:00,1,0,1
631,AP ARQ. LOPEZ OTERO,2018-01-27 8:00,3,2,1
632,AP ARQ. LOPEZ OTERO,2018-01-27 9:00,1,1,0
633,AP ARQ. LOPEZ OTERO,2018-01-27 10:00,4,1,3
634,AP ARQ. LOPEZ OTERO,2018-01-27 11:00,2,1,1
635,AP ARQ. LOPEZ OTERO,2018-01-27 12:00,6,6,0
636,AP ARQ. LOPEZ OTERO,2018-01-27 13:00,3,3,0
637,AP ARQ. LOPEZ OTERO,2018-01-27 14:00,3,1,2
638,AP ARQ. LOPEZ OTERO,2018-01-27 15:00,1,1,0
639,AP ARQ. LOPEZ OTERO,2018-01-27 16:00,3,1,2
640,AP ARQ. LOPEZ OTERO,2018-01-27 17:00,1,1,0
641,AP ARQ. LOPEZ OTERO,2018-01-27 18:00,3,2,1
642,AP ARQ. LOPEZ OTERO,2018-01-27 19:00,0,0,0
643,AP ARQ. LOPEZ OTERO,2018-01-27 20:00,1,0,1
644,AP ARQ. LOPEZ OTERO,2018-01-27 21:00,6,4,2
645,AP ARQ. LOPEZ OTERO,2018-01-27 22:00,2,2,0
646,AP ARQ. LOPEZ OTERO,2018-01-27 23:00,2,1,1
647,AP ARQ. LOPEZ OTERO,2018-01-28 0:00,1,1,0
648,AP ARQ. LOPEZ OTERO,2018-01-28 1:00,4,3,1
649,AP ARQ. LOPEZ OTERO,2018-01-28 2:00,2,2,0
650,AP ARQ. LOPEZ OTERO,2018-01-28 3:00,6,3,3
651,AP ARQ. LOPEZ OTERO,2018-01-28 4:00,4,2,2
652,AP ARQ. LOPEZ OTERO,2018-01-28 5:00,2,0,2
653,AP ARQ. LOPEZ OTERO,2018-01-28 6:00,4,2,2
654,AP ARQ. LOPEZ OTERO,2018-01-28 7:00,0,0,0
655,AP ARQ. LOPEZ OTERO,2018-01-28 8:00,3,3,0
656,AP ARQ. LOPEZ OTERO,2018-01-28 9:00,1,1,0
657,AP ARQ. LOPEZ OTERO,2018-01-28 10:00,1,0,1
658,AP ARQ. LOPEZ OTERO,2018-01-28 11:00,1,1,0
659,AP ARQ. LOPEZ OTERO,2018-01-28 12:00,3,2,1
660,AP ARQ. LOPEZ OTERO,2018-01-28 13:00,2,2,0
661,AP ARQ. LOPEZ OTERO,2018-01-28 14:00,3,2,1
662,AP ARQ. LOPEZ OTERO,2018-01-28 15:00,1,1,0
663,AP ARQ. LOPEZ OTERO,2018-01-28 16:00,0,0,0
664,AP ARQ. LOPEZ OTERO,2018-01-28 17:00,3,3,0
665,AP ARQ. LOPEZ OTERO,2018-01-28 18:00,0,0,0
666,AP ARQ. LOPEZ OTERO,2018-01-28 19:00,3,3,0
667,AP ARQ. LOPEZ OTERO,2018-01-28 20:00,2,0,2
668,AP ARQ. LOPEZ OTERO,2018-01-28 21:00,1,1,0
669,AP ARQ. LOPEZ OTERO,2018-01-28 22:00,2,1,1
670,AP ARQ. LOPEZ OTERO,2018-01-28 23:00,3,1,2
671,AP ARQ. LOPEZ OTERO,2018-01-29 0:00,1,1,0
672,AP ARQ. LOPEZ OTERO,2018-01-29 1:00,3,3,0
673,AP ARQ. LOPEZ OTERO,2018-01-29 2:00,5,0,5
674,AP ARQ. LOPEZ OTERO,2018-01-29 3:00,0,0,0
675,AP ARQ. LOPEZ OTERO,2018-01-29 4:00,3,2,1
676,AP ARQ. LOPEZ OTERO,2018-01-29 5:00,1,0,1
677,AP ARQ. LOPEZ OTERO,2018-01-29 6:00,4,2,2
678,AP ARQ. LOPEZ OTERO,2018-01-29 7:00,1,1,0
679,AP ARQ. LOPEZ OTERO,2018-01-29 8:00,1,0,1
680,AP ARQ. LOPEZ OTERO,2018-01-29 9:00,2,2,0
681,AP ARQ. LOPEZ OTERO,2018-01-29 10:00,5,5,0
682,AP ARQ. LOPEZ OTERO,2018-01-29 11:00,1,1,0
683,AP ARQ. LOPEZ OTERO,2018-01-29 12:00,4,3,1
684,AP ARQ. LOPEZ OTERO,2018-01-29 13:00,2,1,1
685,AP ARQ. LOPEZ OTERO,2018-01-29 14:00,0,0,0
686,AP ARQ. LOPEZ OTERO,2018-01-29 15:00,4,0,4
687,AP ARQ. LOPEZ OTERO,2018-01-29 16:00,3,2,1
688,AP ARQ. LOPEZ OTERO,2018-01-29 17:00,4,4,0
689,AP ARQ. LOPEZ OTERO,2018-01-29 18:00,1,0,1
690,AP ARQ. LOPEZ OTERO,2018-01-29 19:00,3,3,0
691,AP ARQ. LOPEZ OTERO,2018-01-29 20:00,1,0,1
692,AP ARQ. LOPEZ OTERO,2018-01-29 21:00,1,0,1
693,AP ARQ. LOPEZ OTERO,2018-01-29 22:00,3,3,0
694,AP ARQ. LOPEZ OTERO,2018-01-29 23:00,1,0,1
695,AP ARQ. LOPEZ OTERO,2018-01-30 0:00,0,0,0
696,AP ARQ. LOPEZ OTERO,2018-01-30 1:00,1,1,0
697,AP ARQ. LOPEZ OTERO,2018-01-30 2:00,3,3,0
698,AP ARQ. LOPEZ OTERO,2018-01-30 3:00,1,1,0
699,AP ARQ. LOPEZ OTERO,2018-01-30 4:00,3,3,0
700,AP ARQ. LOPEZ OTERO,2018-01-30 5:00,1,1,0
701,AP ARQ. LOPEZ OTERO,2018-01-30 6:00,2,0,2
702,AP ARQ. LOPEZ OTERO,2018-01-30 7:00,5,3,2
703,AP ARQ. LOPEZ OTERO,2018-01-30 8:00,1,1,0
704,AP ARQ. LOPEZ OTERO,2018-01-30 9:00,1,1,0
705,AP ARQ. LOPEZ OTERO,2018-01-30 10:00,1,0,1
706,AP ARQ. LOPEZ OTERO,2018-01-30 11:00,4,4,0
707,AP ARQ. LOPEZ OTERO,2018-01-30 12:00,2,1,1
708,AP ARQ. LOPEZ OTERO,2018-01-30 13:00,4,4,0
709,AP ARQ. LOPEZ OTERO,2018-01-30 14:00,1,1,0
710,AP ARQ. LOPEZ OTERO,2018-01-30 15:00,3,1,2
711,AP ARQ. LOPEZ OTERO,2018-01-30 16:00,3,1,2
712,AP ARQ. LOPEZ OTERO,2018-01-30 17:00,0,0,0
713,AP ARQ. LOPEZ OTERO,2018-01-30 18:00,3,2,1
714,AP ARQ. LOPEZ OTERO,2018-01-30 19:00,5,5,0
715,AP ARQ. LOPEZ OTERO,2018-01-30 20:00,2,2,0
716,AP ARQ. LOPEZ OTERO,2018-01-30 21:00,3,1,2
717,AP ARQ. LOPEZ OTERO,2018-01-30 22:00,3,3,0
718,AP ARQ. LOPEZ OTERO,2018-01-30 23:00,0,0,0
719,AP ARQ. LOPEZ OTERO,2018-01-31 0:00,3,2,1
720,AP ARQ. LOPEZ OTERO,2018-01-31 1:00,3,0,3
721,AP ARQ. LOPEZ OTERO,2018-01-31 2:00,3,2,1
722,AP ARQ. LOPEZ OTERO,2018-01-31 3:00,5,3,2
723,AP ARQ. LOPEZ OTERO,2018-01-31 4:00,1,1,0
724,AP ARQ. LOPEZ OTERO,2018-01-31 5:00,2,1,1
725,AP ARQ. LOPEZ OTERO,2018-01-31 6:00,3,2,1
726,AP ARQ. LOPEZ OTERO,2018-01-31 7:00,1,1,0
727,AP ARQ. LOPEZ OTERO,2018-01-31 8:00,3,3,0
728,AP ARQ. LOPEZ OTERO,2018-01-31 9:00,4,2,2
729,AP ARQ. LOPEZ OTERO,2018-01-31 10:00,1,1,0
730,AP ARQ. LOPEZ OTERO,2018-01-31 11:00,1,1,0
731,AP ARQ. LOPEZ OTERO,2018-01-31 12:00,2,2,0
732,AP ARQ. LOPEZ OTERO,2018-01-31 13:00,1,1,0
733,AP ARQ. LOPEZ OTERO,2018-01-31 14:00,5,1,4
734,AP ARQ. LOPEZ OTERO,2018-01-31 15:00,4,3,1
735,AP ARQ. LOPEZ OTERO,2018-01-31 16:00,0,0,0
736,AP ARQ. LOPEZ OTERO,2018-01-31 17:00,0,0,0
737,AP ARQ. LOPEZ OTERO,2018-01-31 18:00,2,2,0
738,AP ARQ. LOPEZ OTERO,2018-01-31 19:00,2,1,1
739,AP ARQ. LOPEZ OTERO,2018-01-31 20:00,1,1,0
740,AP ARQ. LOPEZ OTERO,2018-01-31 21:00,2,2,0
741,AP ARQ. LOPEZ OTERO,2018-01-31 22:00,3,3,0
742,AP ARQ. LOPEZ OTERO,2018-01-31 23:00,4,1,3
743,AP ARQ. LOPEZ OTERO,2018-02-01 0:00,5,3,2
744,AP ARQ. LOPEZ OTERO,2018-02-01 1:00,1,1,0
745,AP ARQ. LOPEZ OTERO,2018-02-01 2:00,4,1,3
746,AP ARQ. LOPEZ OTERO,2018-02-01 3:00,3,1,2
747,AP ARQ. LOPEZ OTERO,2018-02-01 4:00,5,5,0
748,AP ARQ. LOPEZ OTERO,2018-02-01 5:00,1,0,1
749,AP ARQ. LOPEZ OTERO,2018-02-01 6:00,4,2,2
750,AP ARQ. LOPEZ OTERO,2018-02-01 7:00,2,2,0
751,AP ARQ. LOPEZ OTERO,2018-02-01 8:00,1,0,1
752,AP ARQ. LOPEZ OTERO,2018-02-01 9:00,3,0,3
753,AP ARQ. LOPEZ OTERO,2018-02-01 10:00,2,1,1
754,AP ARQ. LOPEZ OTERO,2018-02-01 11:00,4,1,3
755,AP ARQ. LOPEZ OTERO,2018-02-01 12:00,2,1,1
756,AP ARQ. LOPEZ OTERO,2018-02-01 13:00,2,2,0
757,AP ARQ. LOPEZ OTERO,2018-02-01 14:00,1,1,0
758,AP ARQ. LOPEZ OTERO,2018-02-01 15:00,6,5,1
759,AP ARQ. LOPEZ OTERO,2018-02-01 16:00,1,1,0
760,AP ARQ. LOPEZ OTERO,2018-02-01 17:00,0,0,0
761,AP ARQ. LOPEZ OTERO,2018-02-01 18:00,3,1,2
762,AP ARQ. LOPEZ OTERO,2018-02-01 19:00,4,3,1
763,AP ARQ. LOPEZ OTERO,2018-02-01 20:00,3,1,2
764,AP ARQ. LOPEZ OTERO,2018-02-01 21:00,4,0,4
765,AP ARQ. LOPEZ OTERO,2018-02-01 22:00,1,0,1
766,AP ARQ. LOPEZ OTERO,2018-02-01 23:00,2,2,0
767,AP ARQ. LOPEZ OTERO,2018-02-02 0:00,0,0,0
768,AP ARQ. LOPEZ OTERO,2018-02-02 1:00,2,2,0
769,AP ARQ. LOPEZ OTERO,2018-02-02 2:00,1,1,0
770,AP ARQ. LOPEZ OTERO,2018-02-02 3:00,4,4,0
771,AP ARQ. LOPEZ OTERO,2018-02-02 4:00,5,4,1
772,AP ARQ. LOPEZ OTERO,2018-02-02 5:00,2,1,1
773,AP ARQ. LOPEZ OTERO,2018-02-02 6:00,4,2,2
774,AP ARQ. LOPEZ OTERO,2018-02-02 7:00,4,4,0
775,AP ARQ. LOPEZ OTERO,2018-02-02 8:00,1,0,1
776,AP ARQ. LOPEZ OTERO,2018-02-02 9:00,1,1,0
777,AP ARQ. LOPEZ OTERO,2018-02-02 10:00,3,3,0
778,AP ARQ. LOPEZ OTERO,2018-02-02 11:00,2,1,1
779,AP ARQ. LOPEZ OTERO,2018-02-02 12:00,3,1,2
780,AP ARQ. LOPEZ OTERO,2018-02-02 13:00,8,7,1
781,AP ARQ. LOPEZ OTERO,2018-02-02 14:00,3,1,2
782,AP ARQ. LOPEZ OTERO,2018-02-02 15:00,3,2,1
783,AP ARQ. LOPEZ OTERO,2018-02-02 16:00,2,2,0
784,AP ARQ. LOPEZ OTERO,2018-02-02 17:00,3,2,1
785,AP ARQ. LOPEZ OTERO,2018-02-02 18:00,1,1,0
786,AP ARQ. LOPEZ OTERO,2018-02-02 19:00,3,2,1
787,AP ARQ. LOPEZ OTERO,2018-02-02 20:00,2,1,1
788,AP ARQ. LOPEZ OTERO,2018-02-02 21:00,4,1,3
789,AP ARQ. LOPEZ OTERO,2018-02-02 22:00,0,0,0
790,AP ARQ. LOPEZ OTERO,2018-02-02 23:00,0,0,0
791,AP ARQ. LOPEZ OTERO,2018-02-03 0:00,0,0,0
792,AP ARQ. LOPEZ OTERO,2018-02-03 1:00,2,1,1
793,AP ARQ. LOPEZ OTERO,2018-02-03 2:00,4,4,0
794,AP ARQ. LOPEZ OTERO,2018-02-03 3:00,2,1,1
795,AP ARQ. LOPEZ OTERO,2018-02-03 4:00,2,2,0
796,AP ARQ. LOPEZ OTERO,2018-02-03 5:00,1,1,0
797,AP ARQ. LOPEZ OTERO,2018-02-03 6:00,2,0,2
798,AP ARQ. LOPEZ OTERO,2018-02-03 7:00,1,1,0
799,AP ARQ. LOPEZ OTERO,2018-02-03 8:00,3,2,1
800,AP ARQ. LOPEZ OTERO,2018-02-03 9:00,4,4,0
801,AP ARQ. LOPEZ OTERO,2018-02-03 10:00,1,1,0
802,AP ARQ. LOPEZ OTERO,2018-02-03 11:00,5,3,2
803,AP ARQ. LOPEZ OTERO,2018-02-03 12:00,2,1,1
804,AP ARQ. LOPEZ OTERO,2018-02-03 13:00,2,2,0
805,AP ARQ. LOPEZ OTERO,2018-02-03 14:00,1,1,0
806,AP ARQ. LOPEZ OTERO,2018-02-03 15:00,2,2,0
807,AP ARQ. LOPEZ OTERO,2018-02-03 16:00,1,1,0
808,AP ARQ. LOPEZ OTERO,2018-02-03 17:00,4,4,0
809,AP ARQ. LOPEZ OTERO,2018-02-03 18:00,2,2,0
810,AP ARQ. LOPEZ OTERO,2018-02-03 19:00,3,3,0
811,AP ARQ. LOPEZ OTERO,2018-02-03 20:00,1,1,0
812,AP ARQ. LOPEZ OTERO,2018-02-03 21:00,1,1,0
813,AP ARQ. LOPEZ OTERO,2018-02-03 22:00,3,2,1
814,AP ARQ. LOPEZ OTERO,2018-02-03 23:00,2,2,0
815,AP ARQ. LOPEZ OTERO,2018-02-04 0:00,5,0,5
816,AP ARQ. LOPEZ OTERO,2018-02-04 1:00,2,1,1
817,AP ARQ. LOPEZ OTERO,2018-02-04 2:00,2,0,2
818,AP ARQ. LOPEZ OTERO,2018-02-04 3:00,1,1,0
819,AP ARQ. LOPEZ OTERO,2018-02-04 4:00,0,0,0
820,AP ARQ. LOPEZ OTERO,2018-02-04 5:00,1,1,0
821,AP ARQ. LOPEZ OTERO,2018-02-04 6:00,3,3,0
822,AP ARQ. LOPEZ OTERO,2018-02-04 7:00,3,1,2
823,AP ARQ. LOPEZ OTERO,2018-02-04 8:00,2,0,2
824,AP ARQ. LOPEZ OTERO,2018-02-04 9:00,2,1,1
825,AP ARQ. LOPEZ OTERO,2018-02-04 10:00,5,2,3
826,AP ARQ. LOPEZ OTERO,2018-02-04 11:00,4,2,2
827,AP ARQ. LOPEZ OTERO,2018-02-04 12:00,3,1,2
828,AP ARQ. LOPEZ OTERO,2018-02-04 13:00,2,0,2
829,AP ARQ. LOPEZ OTERO,2018-02-04 14:00,2,2,0
830,AP ARQ. LOPEZ OTERO,2018-02-04 15:00,1,1,0
831,AP ARQ. LOPEZ OTERO,2018-02-04 16:00,0,0,0
832,AP ARQ. LOPEZ OTERO,2018-02-04 17:00,0,0,0
833,AP ARQ. LOPEZ OTERO,2018-02-04 18:00,3,2,1
834,AP ARQ. LOPEZ OTERO,2018-02-04 19:00,2,2,0
835,AP ARQ. LOPEZ OTERO,2018-02-04 20:00,2,2,0
836,AP ARQ. LOPEZ OTERO,2018-02-04 21:00,1,1,0
837,AP ARQ. LOPEZ OTERO,2018-02-04 22:00,2,1,1
838,AP ARQ. LOPEZ OTERO,2018-02-04 23:00,0,0,0
839,AP ARQ. LOPEZ OTERO,2018-02-05 0:00,1,1,0
840,AP ARQ. LOPEZ OTERO,2018-02-05 1:00,0,0,0
841,AP ARQ. LOPEZ OTERO,2018-02-05 2:00,4,0,4
842,AP ARQ. LOPEZ OTERO,2018-02-05 3:00,2,2,0
843,AP ARQ. LOPEZ OTERO,2018-02-05 4:00,2,2,0
844,AP ARQ. LOPEZ OTERO,2018-02-05 5:00,4,2,2
845,AP ARQ. LOPEZ OTERO,2018-02-05 6:00,3,2,1
846,AP ARQ. LOPEZ OTERO,2018-02-05 7:00,3,1,2
847,AP ARQ. LOPEZ OTERO,2018-02-05 8:00,2,2,0
848,AP ARQ. LOPEZ OTERO,2018-02-05 9:00,2,1,1
849,AP ARQ. LOPEZ OTERO,2018-02-05 10:00,4,1,3
850,AP ARQ. LOPEZ OTERO,2018-02-05 11:00,2,0,2
851,AP ARQ. LOPEZ OTERO,2018-02-05 12:00,2,2,0
852,AP ARQ. LOPEZ OTERO,2018-02-05 13:00,4,4,0
853,AP ARQ. LOPEZ OTERO,2018-02-05 14:00,1,1,0
854,AP ARQ. LOPEZ OTERO,2018-02-05 15:00,4,0,4
855,AP ARQ. LOPEZ OTERO,2018-02-05 16:00,3,3,0
856,AP ARQ. LOPEZ OTERO,2018-02-05 17:00,3,2,1
857,AP ARQ. LOPEZ OTERO,2018-02-05 18:00,5,5,0
858,AP ARQ. LOPEZ OTERO,2018-02-05 19:00,2,1,1
859,AP ARQ. LOPEZ OTERO,2018-02-05 20:00,1,1,0
860,AP ARQ. LOPEZ OTERO,2018-02-05 21:00,5,3,2
861,AP ARQ. LOPEZ OTERO,2018-02-05 22:00,4,2,2
862,AP ARQ. LOPEZ OTERO,2018-02-05 23:00,2,1,1
863,AP ARQ. LOPEZ OTERO,2018-02-06 0:00,2,1,1
864,AP ARQ. LOPEZ OTERO,2018-02-06 1:00,2,1,1
865,AP ARQ. LOPEZ OTERO,2018-02-06 2:00,2,0,2
866,AP ARQ. LOPEZ OTERO,2018-02-06 3:00,2,0,2
867,AP ARQ. LOPEZ OTERO,2018-02-06 4:00,1,1,0
868,AP ARQ. LOPEZ OTERO,2018-02-06 5:00,3,1,2
869,AP ARQ. LOPEZ OTERO,2018-02-06 6:00,1,1,0
870,AP ARQ. LOPEZ OTERO,2018-02-06 7:00,4,3,1
871,AP ARQ. LOPEZ OTERO,2018-02-06 8:00,2,1,1
872,AP ARQ. LOPEZ OTERO,2018-02-06 9:00,2,1,1
873,AP ARQ. LOPEZ OTERO,2018-02-06 10:00,5,3,2
874,AP ARQ. LOPEZ OTERO,2018-02-06 11:00,3,1,2
875,AP ARQ. LOPEZ OTERO,2018-02-06 12:00,2,1,1
876,AP ARQ. LOPEZ OTERO,2018-02-06 13:00,1,1,0
877,AP ARQ. LOPEZ OTERO,2018-02-06 14:00,2,0,2
878,AP ARQ. LOPEZ OTERO,2018-02-06 15:00,1,1,0
879,AP ARQ. LOPEZ OTERO,2018-02-06 16:00,3,3,0
880,AP ARQ. LOPEZ OTERO,2018-02-06 17:00,3,3,0
881,AP ARQ. LOPEZ OTERO,2018-02-06 18:00,2,0,2
882,AP ARQ. LOPEZ OTERO,2018-02-06 19:00,4,3,1
883,AP ARQ. LOPEZ OTERO,2018-02-06 20:00,2,1,1
884,AP ARQ. LOPEZ OTERO,2018-02-06 21:00,2,1,1
885,AP ARQ. LOPEZ OTERO,2018-02-06 22:00,4,4,0
886,AP ARQ. LOPEZ OTERO,2018-02-06 23:00,4,2,2
887,AP ARQ. LOPEZ OTERO,2018-02-07 0:00,4,1,3
888,AP ARQ. LOPEZ OTERO,2018-02-07 1:00,1,0,1
889,AP ARQ. LOPEZ OTERO,2018-02-07 2:00,3,3,0
890,AP ARQ. LOPEZ OTERO,2018-02-07 3:00,4,4,0
891,AP ARQ. LOPEZ OTERO,2018-02-07 4:00,3,3,0
892,AP ARQ. LOPEZ OTERO,2018-02-07 5:00,1,1,0
893,AP ARQ. LOPEZ OTERO,2018-02-07 6:00,2,1,1
894,AP ARQ. LOPEZ OTERO,2018-02-07 7:00,1,1,0
895,AP ARQ. LOPEZ OTERO,2018-02-07 8:00,1,1,0
896,AP ARQ. LOPEZ OTERO,2018-02-07 9:00,3,2,1
897,AP ARQ. LOPEZ OTERO,2018-02-07 10:00,3,0,3
898,AP ARQ. LOPEZ OTERO,2018-02-07 11:00,1,1,0
899,AP ARQ. LOPEZ OTERO,2018-02-07 12:00,4,3,1
900,AP ARQ. LOPEZ OTERO,2018-02-07 13:00,3,3,0
901,AP ARQ. LOPEZ OTERO,2018-02-07 14:00,1,1,0
902,AP ARQ. LOPEZ OTERO,2018-02-07 15:00,3,1,2
903,AP ARQ. LOPEZ OTERO,2018-02-07 16:00,4,0,4
904,AP ARQ. LOPEZ OTERO,2018-02-07 17:00,5,2,3
905,AP ARQ. LOPEZ OTERO,2018-02-07 18:00,5,1,4
906,AP ARQ. LOPEZ OTERO,2018-02-07 19:00,2,1,1
907,AP ARQ. LOPEZ OTERO,2018-02-07 20:00,2,0,2
908,AP ARQ. LOPEZ OTERO,2018-02-07 21:00,1,1,0
909,AP ARQ. LOPEZ OTERO,2018-02-07 22:00,2,1,1
910,AP ARQ. LOPEZ OTERO,2018-02-07 23:00,2,1,1
911,AP ARQ. LOPEZ OTERO,2018-02-08 0:00,3,1,2
912,AP ARQ. LOPEZ OTERO,2018-02-08 1:00,2,2,0
913,AP ARQ. LOPEZ OTERO,2018-02-08 2:00,5,5,0
914,AP ARQ. LOPEZ OTERO,2018-02-08 3:00,1,1,0
915,AP ARQ. LOPEZ OTERO,2018-02-08 4:00,2,1,1
916,AP ARQ. LOPEZ OTERO,2018-02-08 5:00,0,0,0
917,AP ARQ. LOPEZ OTERO,2018-02-08 6:00,8,8,0
918,AP ARQ. LOPEZ OTERO,2018-02-08 7:00,1,0,1
919,AP ARQ. LOPEZ OTERO,2018-02-08 8:00,1,1,0
920,AP ARQ. LOPEZ OTERO,2018-02-08 9:00,1,1,0
921,AP ARQ. LOPEZ OTERO,2018-02-08 10:00,3,3,0
922,AP ARQ. LOPEZ OTERO,2018-02-08 11:00,5,3,2
923,AP ARQ. LOPEZ OTERO,2018-02-08 12:00,2,2,0
924,AP ARQ. LOPEZ OTERO,2018-02-08 13:00,1,1,0
925,AP ARQ. LOPEZ OTERO,2018-02-08 14:00,2,1,1
926,AP ARQ. LOPEZ OTERO,2018-02-08 15:00,3,2,1
927,AP ARQ. LOPEZ OTERO,2018-02-08 16:00,3,2,1
928,AP ARQ. LOPEZ OTERO,2018-02-08 17:00,1,1,0
929,AP ARQ. LOPEZ OTERO,2018-02-08 18:00,6,4,2
930,AP ARQ. LOPEZ OTERO,2018-02-08 19:00,2,0,2
931,AP ARQ. LOPEZ OTERO,2018-02-08 20:00,1,1,0
932,AP ARQ. LOPEZ OTERO,2018-02-08 21:00,1,0,1
933,AP ARQ. LOPEZ OTERO,2018-02-08 22:00,2,1,1
934,AP ARQ. LOPEZ OTERO,2018-02-08 23:00,4,4,0
935,AP ARQ. LOPEZ OTERO,2018-02-09 0:00,3,2,1
936,AP ARQ. LOPEZ OTERO,2018-02-09 1:00,1,0,1
937,AP ARQ. LOPEZ OTERO,2018-02-09 2:00,3,2,1
938,AP ARQ. LOPEZ OTERO,2018-02-09 3:00,2,0,2
939,AP ARQ. LOPEZ OTERO,2018-02-09 4:00,6,0,6
940,AP ARQ. LOPEZ OTERO,2018-02-09 5:00,1,1,0
941,AP ARQ. LOPEZ OTERO,2018-02-09 6:00,0,0,0
942,AP ARQ. LOPEZ OTERO,2018-02-09 7:00,2,1,1
943,AP ARQ. LOPEZ OTERO,2018-02-09 8:00,2,2,0
944,AP ARQ. LOPEZ OTERO,2018-02-09 9:00,3,3,0
945,AP ARQ. LOPEZ OTERO,2018-02-09 10:00,4,0,4
946,AP ARQ. LOPEZ OTERO,2018-02-09 11:00,2,2,0
947,AP ARQ. LOPEZ OTERO,2018-02-09 12:00,1,0,1
948,AP ARQ. LOPEZ OTERO,2018-02-09 13:00,0,0,0
949,AP ARQ. LOPEZ OTERO,2018-02-09 14:00,0,0,0
950,AP ARQ. LOPEZ OTERO,2018-02-09 15:00,2,0,2
951,AP ARQ. LOPEZ OTERO,2018-02-09 16:00,2,1,1
952,AP ARQ. LOPEZ OTERO,2018-02-09 17:00,5,2,3
953,AP ARQ. LOPEZ OTERO,2018-02-09 18:00,1,0,1
954,AP ARQ. LOPEZ OTERO,2018-02-09 19:00,2,1,1
