749,AP ARQ. LOPEZ OTERO,2018-02-01 6:00,4,2,2
787,AP ARQ. LOPEZ OTERO,2018-02-02 20:00,2,1,1
230,AP ARQ. LOPEZ OTERO,2018-01-10 15:00,0,0,0
191,AP ARQ. LOPEZ OTERO,2018-01-09 0:00,0,0,0
35,AP ARQ. LOPEZ OTERO,2018-01-02 12:00,1,1,0
405,AP ARQ. LOPEZ OTERO,2018-01-17 22:00,3,2,1
439,AP ARQ. LOPEZ OTERO,2018-01-19 8:00,5,3,2
43,AP ARQ. LOPEZ OTERO,2018-01-02 20:00,4,0,4
867,AP ARQ. LOPEZ OTERO,2018-02-06 4:00,1,1,0
206,AP ARQ. LOPEZ OTERO,2018-01-09 15:00,4,4,0
989,AP ARQ. LOPEZ OTERO,2018-02-11 6:00,5,4,1
239,AP ARQ. LOPEZ OTERO,2018-01-11 0:00,0,0,0
945,AP ARQ. LOPEZ OTERO,2018-02-09 10:00,4,0,4
674,AP ARQ. LOPEZ OTERO,2018-01-29 3:00,0,0,0
654,AP ARQ. LOPEZ OTERO,2018-01-28 7:00,0,0,0
39,AP ARQ. LOPEZ OTERO,2018-01-02 16:00,3,2,1
569,AP ARQ. LOPEZ OTERO,2018-01-24 18:00,0,0,0
882,AP ARQ. LOPEZ OTERO,2018-02-06 19:00,4,3,1
455,AP ARQ. LOPEZ OTERO,2018-01-20 0:00,4,3,1
205,AP ARQ. LOPEZ OTERO,2018-01-09 14:00,1,1,0
912,AP ARQ. LOPEZ OTERO,2018-02-08 1:00,2,2,0
634,AP ARQ. LOPEZ OTERO,2018-01-27 11:00,2,1,1
95,AP ARQ. LOPEZ OTERO,2018-01-05 0:00,0,0,0
982,AP ARQ. LOPEZ OTERO,2018-02-10 23:00,4,4,0
232,AP ARQ. LOPEZ OTERO,2018-01-10 17:00,5,5,0
173,AP ARQ. LOPEZ OTERO,2018-01-08 6:00,2,2,0
576,AP ARQ. LOPEZ OTERO,2018-01-25 1:00,6,2,4
905,AP ARQ. LOPEZ OTERO,2018-02-07 18:00,5,1,4
925,AP ARQ. LOPEZ OTERO,2018-02-08 14:00,2,1,1
305,AP ARQ. LOPEZ OTERO,2018-01-13 18:00,0,0,0
900,AP ARQ. LOPEZ OTERO,2018-02-07 13:00,3,3,0
216,AP ARQ. LOPEZ OTERO,2018-01-10 1:00,1,1,0
162,AP ARQ. LOPEZ OTERO,2018-01-07 19:00,3,1,2
251,AP ARQ. LOPEZ OTERO,2018-01-11 12:00,1,1,0
908,AP ARQ. LOPEZ OTERO,2018-02-07 21:00,1,1,0
663,AP ARQ. LOPEZ OTERO,2018-01-28 16:00,0,0,0
907,AP ARQ. LOPEZ OTERO,2018-02-07 20:00,2,0,2
851,AP ARQ. LOPEZ OTERO,2018-02-05 12:00,2,2,0
63,AP ARQ. LOPEZ OTERO,2018-01-03 16:00,2,0,2
352,AP ARQ. LOPEZ OTERO,2018-01-15 17:00,5,2,3

745,AP ARQ. LOPEZ OTERO,2018-02-01 2:00,4,1,3
697,AP ARQ. LOPEZ OTERO,2018-01-30 2:00,3,3,0
117,AP ARQ. LOPEZ OTERO,2018-01-05 22:00,5,1,4
676,AP ARQ. LOPEZ OTERO,2018-01-29 5:00,1,0,1
402,AP ARQ. LOPEZ OTERO,2018-01-17 19:00,2,1,1
843,AP ARQ. LOPEZ OTERO,2018-02-05 4:00,2,2,0
808,AP ARQ. LOPEZ OTERO,2018-02-03 17:00,4,4,0
618,AP ARQ. LOPEZ OTERO,2018-01-26 19:00,3,2,1
640,AP ARQ. LOPEZ OTERO,2018-01-27 17:00,1,1,0
904,AP ARQ. LOPEZ OTERO,2018-02-07 17:00,5,2,3
56,AP ARQ. LOPEZ OTERO,2018-01-03 9:00,2,2,0
964,AP ARQ. LOPEZ OTERO,2018-02-10 5:00,1,1,0
158,AP ARQ. LOPEZ OTERO,2018-01-07 15:00,4,1,3
886,AP ARQ. LOPEZ OTERO,2018-02-06 23:00,4,2,2
54,AP ARQ. LOPEZ OTERO,2018-01-03 7:00,3,3,0
224,AP ARQ. LOPEZ OTERO,2018-01-10 9:00,3,2,1
810,AP ARQ. LOPEZ OTERO,2018-02-03 19:00,3,3,0
155,AP ARQ. LOPEZ OTERO,2018-01-07 12:00,2,1,1
809,AP ARQ. LOPEZ OTERO,2018-02-03 18:00,2,2,0

193,AP ARQ. LOPEZ OTERO,2018-01-09 2:00,3,3,0
64,AP ARQ. LOPEZ OTERO,2018-01-03 17:00,2,2,0
938,AP ARQ. LOPEZ OTERO,2018-02-09 3:00,2,0,2
725,AP ARQ. LOPEZ OTERO,2018-01-31 6:00,3,2,1
743,AP ARQ. LOPEZ OTERO,2018-02-01 0:00,5,3,2
852,AP ARQ. LOPEZ OTERO,2018-02-05 13:00,4,4,0
996,AP ARQ. LOPEZ OTERO,2018-02-11 13:00,4,2,2
287,AP ARQ. LOPEZ OTERO,2018-01-13 0:00,2,1,1
397,AP ARQ. LOPEZ OTERO,2018-01-17 14:00,3,2,1
187,AP ARQ. LOPEZ OTERO,2018-01-08 20:00,5,3,2
784,AP ARQ. LOPEZ OTERO,2018-02-02 17:00,3,2,1
425,AP ARQ. LOPEZ OTERO,2018-01-18 18:00,4,1,3
786,AP ARQ. LOPEZ OTERO,2018-02-02 19:00,3,2,1
811,AP ARQ. LOPEZ OTERO,2018-02-03 20:00,1,1,0
182,AP ARQ. LOPEZ OTERO,2018-01-08 15:00,0,0,0
614,AP ARQ. LOPEZ OTERO,2018-01-26 15:00,4,3,1
259,AP ARQ. LOPEZ OTERO,2018-01-11 20:00,5,5,0
348,AP ARQ. LOPEZ OTERO,2018-01-15 13:00,4,2,2
390,AP ARQ. LOPEZ OTERO,2018-01-17 7:00,1,1,0
271,AP ARQ. LOPEZ OTERO,2018-01-12 8:00,3,3,0
47,AP ARQ. LOPEZ OTERO,2018-01-03 0:00,5,3,2
286,AP ARQ. LOPEZ OTERO,2018-01-12 23:00,6,1,5
902,AP ARQ. LOPEZ OTERO,2018-02-07 15:00,3,1,2
913,AP ARQ. LOPEZ OTERO,2018-02-08 2:00,5,5,0
481,AP ARQ. LOPEZ OTERO,2018-01-21 2:00,6,4,2
377,AP ARQ. LOPEZ OTERO,2018-01-16 18:00,3,2,1
45,AP ARQ. LOPEZ OTERO,2018-01-02 22:00,2,2,0
760,AP ARQ. LOPEZ OTERO,2018-02-01 17:00,0,0,0
801,AP ARQ. LOPEZ OTERO,2018-02-03 10:00,1,1,0
719,AP ARQ. LOPEZ OTERO,2018-01-31 0:00,3,2,1
355,AP ARQ. LOPEZ OTERO,2018-01-15 20:00,1,1,0
101,AP ARQ. LOPEZ OTERO,2018-01-05 6:00,3,1,2
827,AP ARQ. LOPEZ OTERO,2018-02-04 12:00,3,1,2
918,AP ARQ. LOPEZ OTERO,2018-02-08 7:00,1,0,1
97,AP ARQ. LOPEZ OTERO,2018-01-05 2:00,3,1,2
428,AP ARQ. LOPEZ OTERO,2018-01-18 21:00,4,1,3
429,AP ARQ. LOPEZ OTERO,2018-01-18 22:00,5,4,1
669,AP ARQ. LOPEZ OTERO,2018-01-28 22:00,2,1,1
828,AP ARQ. LOPEZ OTERO,2018-02-04 13:00,2,0,2
270,AP ARQ. LOPEZ OTERO,2018-01-12 7:00,4,1,3
254,AP ARQ. LOPEZ OTERO,2018-01-11 15:00,1,1,0
758,AP ARQ. LOPEZ OTERO,2018-02-01 15:00,6,5,1
22,AP ARQ. LOPEZ OTERO,2018-01-01 23:00,6,3,3
752,AP ARQ. LOPEZ OTERO,2018-02-01 9:00,3,0,3
771,AP ARQ. LOPEZ OTERO,2018-02-02 4:00,5,4,1
209,AP ARQ. LOPEZ OTERO,2018-01-09 18:00,5,5,0
313,AP ARQ. LOPEZ OTERO,2018-01-14 2:00,2,0,2
602,AP ARQ. LOPEZ OTERO,2018-01-26 3:00,3,2,1
764,AP ARQ. LOPEZ OTERO,2018-02-01 21:00,4,0,4
848,AP ARQ. LOPEZ OTERO,2018-02-05 9:00,2,1,1
119,AP ARQ. LOPEZ OTERO,2018-01-06 0:00,0,0,0
371,AP ARQ. LOPEZ OTERO,2018-01-16 12:00,1,1,0
157,AP ARQ. LOPEZ OTERO,2018-01-07 14:00,1,1,0
856,AP ARQ. LOPEZ OTERO,2018-02-05 17:00,3,2,1
947,AP ARQ. LOPEZ OTERO,2018-02-09 12:00,1,0,1
664,AP ARQ. LOPEZ OTERO,2018-01-28 17:00,3,3,0
657,AP ARQ. LOPEZ OTERO,2018-01-28 10:00,1,0,1
457,AP ARQ. LOPEZ OTERO,2018-01-20 2:00,0,0,0
65,AP ARQ. LOPEZ OTERO,2018-01-03 18:00,1,0,1
66,AP ARQ. LOPEZ OTERO,2018-01-03 19:00,3,3,0
309,AP ARQ. LOPEZ OTERO,2018-01-13 22:00,1,0,1
948,AP ARQ. LOPEZ OTERO,2018-02-09 13:00,0,0,0
108,AP ARQ. LOPEZ OTERO,2018-01-05 13:00,3,1,2
873,AP ARQ. LOPEZ OTERO,2018-02-06 10:00,5,3,2
845,AP ARQ. LOPEZ OTERO,2018-02-05 6:00,3,2,1
110,AP ARQ. LOPEZ OTERO,2018-01-05 15:00,2,0,2
692,AP ARQ. LOPEZ OTERO,2018-01-29 21:00,1,0,1
394,AP ARQ. LOPEZ OTERO,2018-01-17 11:00,2,2,0
770,AP ARQ. LOPEZ OTERO,2018-02-02 3:00,4,4,0
98,AP ARQ. LOPEZ OTERO,2018-01-05 3:00,4,3,1
687,AP ARQ. LOPEZ OTERO,2018-01-29 16:00,3,2,1
936,AP ARQ. LOPEZ OTERO,2018-02-09 1:00,1,0,1
207,AP ARQ. LOPEZ OTERO,2018-01-09 16:00,5,4,1
698,AP ARQ. LOPEZ OTERO,2018-01-30 3:00,1,1,0
984,AP ARQ. LOPEZ OTERO,2018-02-11 1:00,4,3,1
358,AP ARQ. LOPEZ OTERO,2018-01-15 23:00,0,0,0
74,AP ARQ. LOPEZ OTERO,2018-01-04 3:00,1,1,0
726,AP ARQ. LOPEZ OTERO,2018-01-31 7:00,1,1,0
131,AP ARQ. LOPEZ OTERO,2018-01-06 12:00,2,2,0
951,AP ARQ. LOPEZ OTERO,2018-02-09 16:00,2,1,1
998,AP ARQ. LOPEZ OTERO,2018-02-11 15:00,1,1,0
562,AP ARQ. LOPEZ OTERO,2018-01-24 11:00,3,1,2
839,AP ARQ. LOPEZ OTERO,2018-02-05 0:00,1,1,0
249,AP ARQ. LOPEZ OTERO,2018-01-11 10:00,3,0,3
473,AP ARQ. LOPEZ OTERO,2018-01-20 18:00,3,1,2
911,AP ARQ. LOPEZ OTERO,2018-02-08 0:00,3,1,2
898,AP ARQ. LOPEZ OTERO,2018-02-07 11:00,1,1,0
876,AP ARQ. LOPEZ OTERO,2018-02-06 13:00,1,1,0
953,AP ARQ. LOPEZ OTERO,2018-02-09 18:00,1,0,1
721,AP ARQ. LOPEZ OTERO,2018-01-31 2:00,3,2,1
592,AP ARQ. LOPEZ OTERO,2018-01-25 17:00,1,1,0
720,AP ARQ. LOPEZ OTERO,2018-01-31 1:00,3,0,3
970,AP ARQ. LOPEZ OTERO,2018-02-10 11:00,0,0,0
653,AP ARQ. LOPEZ OTERO,2018-01-28 6:00,4,2,2
972,AP ARQ. LOPEZ OTERO,2018-02-10 13:00,2,1,1
794,AP ARQ. LOPEZ OTERO,2018-02-03 3:00,2,1,1
356,AP ARQ. LOPEZ OTERO,2018-01-15 21:00,3,1,2
741,AP ARQ. LOPEZ OTERO,2018-01-31 22:00,3,3,0
82,AP ARQ. LOPEZ OTERO,2018-01-04 11:00,1,1,0
781,AP ARQ. LOPEZ OTERO,2018-02-02 14:00,3,1,2
245,AP ARQ. LOPEZ OTERO,2018-01-11 6:00,2,1,1
966,AP ARQ. LOPEZ OTERO,2018-02-10 7:00,1,1,0
608,AP ARQ. LOPEZ OTERO,2018-01-26 9:00,0,0,0
203,AP ARQ. LOPEZ OTERO,2018-01-09 12:00,0,0,0
37,AP ARQ. LOPEZ OTERO,2018-01-02 14:00,3,3,0
594,AP ARQ. LOPEZ OTERO,2018-01-25 19:00,2,1,1
265,AP ARQ. LOPEZ OTERO,2018-01-12 2:00,3,3,0
266,AP ARQ. LOPEZ OTERO,2018-01-12 3:00,4,3,1
134,AP ARQ. LOPEZ OTERO,2018-01-06 15:00,2,0,2
163,AP ARQ. LOPEZ OTERO,2018-01-07 20:00,2,2,0
32,AP ARQ. LOPEZ OTERO,2018-01-02 9:00,1,1,0
185,AP ARQ. LOPEZ OTERO,2018-01-08 18:00,2,1,1
278,AP ARQ. LOPEZ OTERO,2018-01-12 15:00,1,1,0
790,AP ARQ. LOPEZ OTERO,2018-02-02 23:00,0,0,0
73,AP ARQ. LOPEZ OTERO,2018-01-04 2:00,4,1,3
478,AP ARQ. LOPEZ OTERO,2018-01-20 23:00,3,3,0
648,AP ARQ. LOPEZ OTERO,2018-01-28 1:00,4,3,1
935,AP ARQ. LOPEZ OTERO,2018-02-09 0:00,3,2,1
973,AP ARQ. LOPEZ OTERO,2018-02-10 14:00,3,0,3
172,AP ARQ. LOPEZ OTERO,2018-01-08 5:00,5,5,0
365,AP ARQ. LOPEZ OTERO,2018-01-16 6:00,0,0,0
72,AP ARQ. LOPEZ OTERO,2018-01-04 1:00,5,4,1
572,AP ARQ. LOPEZ OTERO,2018-01-24 21:00,0,0,0
79,AP ARQ. LOPEZ OTERO,2018-01-04 8:00,0,0,0
327,AP ARQ. LOPEZ OTERO,2018-01-14 16:00,4,1,3
51,AP ARQ. LOPEZ OTERO,2018-01-03 4:00,3,1,2
748,AP ARQ. LOPEZ OTERO,2018-02-01 5:00,1,0,1
673,AP ARQ. LOPEZ OTERO,2018-01-29 2:00,5,0,5
417,AP ARQ. LOPEZ OTERO,2018-01-18 10:00,1,0,1
80,AP ARQ. LOPEZ OTERO,2018-01-04 9:00,0,0,0
164,AP ARQ. LOPEZ OTERO,2018-01-07 21:00,7,0,7
307,AP ARQ. LOPEZ OTERO,2018-01-13 20:00,3,1,2
237,AP ARQ. LOPEZ OTERO,2018-01-10 22:00,2,1,1
799,AP ARQ. LOPEZ OTERO,2018-02-03 8:00,3,2,1
469,AP ARQ. LOPEZ OTERO,2018-01-20 14:00,2,2,0
979,AP ARQ. LOPEZ OTERO,2018-02-10 20:00,2,1,1
317,AP ARQ. LOPEZ OTERO,2018-01-14 6:00,2,2,0
444,AP ARQ. LOPEZ OTERO,2018-01-19 13:00,1,1,0
958,AP ARQ. LOPEZ OTERO,2018-02-09 23:00,1,0,1
67,AP ARQ. LOPEZ OTERO,2018-01-03 20:00,5,2,3
304,AP ARQ. LOPEZ OTERO,2018-01-13 17:00,7,6,1
792,AP ARQ. LOPEZ OTERO,2018-02-03 1:00,2,1,1
888,AP ARQ. LOPEZ OTERO,2018-02-07 1:00,1,0,1
113,AP ARQ. LOPEZ OTERO,2018-01-05 18:00,1,1,0
423,AP ARQ. LOPEZ OTERO,2018-01-18 16:00,1,1,0
595,AP ARQ. LOPEZ OTERO,2018-01-25 20:00,2,2,0
332,AP ARQ. LOPEZ OTERO,2018-01-14 21:00,1,1,0
112,AP ARQ. LOPEZ OTERO,2018-01-05 17:00,3,1,2
582,AP ARQ. LOPEZ OTERO,2018-01-25 7:00,5,2,3
730,AP ARQ. LOPEZ OTERO,2018-01-31 11:00,1,1,0
58,AP ARQ. LOPEZ OTERO,2018-01-03 11:00,1,1,0
680,AP ARQ. LOPEZ OTERO,2018-01-29 9:00,2,2,0
985,AP ARQ. LOPEZ OTERO,2018-02-11 2:00,3,3,0
981,AP ARQ. LOPEZ OTERO,2018-02-10 22:00,2,2,0
929,AP ARQ. LOPEZ OTERO,2018-02-08 18:00,6,4,2
974,AP ARQ. LOPEZ OTERO,2018-02-10 15:00,3,2,1
849,AP ARQ. LOPEZ OTERO,2018-02-05 10:00,4,1,3
330,AP ARQ. LOPEZ OTERO,2018-01-14 19:00,4,4,0
30,AP ARQ. LOPEZ OTERO,2018-01-02 7:00,6,4,2
100,AP ARQ. LOPEZ OTERO,2018-01-05 5:00,2,1,1
410,AP ARQ. LOPEZ OTERO,2018-01-18 3:00,2,1,1
275,AP ARQ. LOPEZ OTERO,2018-01-12 12:00,2,1,1
387,AP ARQ. LOPEZ OTERO,2018-01-17 4:00,3,2,1
934,AP ARQ. LOPEZ OTERO,2018-02-08 23:00,4,4,0
711,AP ARQ. LOPEZ OTERO,2018-01-30 16:00,3,1,2
833,AP ARQ. LOPEZ OTERO,2018-02-04 18:00,3,2,1
338,AP ARQ. LOPEZ OTERO,2018-01-15 3:00,1,1,0
289,AP ARQ. LOPEZ OTERO,2018-01-13 2:00,4,1,3
346,AP ARQ. LOPEZ OTERO,2018-01-15 11:00,1,1,0
78,AP ARQ. LOPEZ OTERO,2018-01-04 7:00,3,2,1
887,AP ARQ. LOPEZ OTERO,2018-02-07 0:00,4,1,3
862,AP ARQ. LOPEZ OTERO,2018-02-05 23:00,2,1,1
993,AP ARQ. LOPEZ OTERO,2018-02-11 10:00,3,0,3
932,AP ARQ. LOPEZ OTERO,2018-02-08 21:00,1,0,1
138,AP ARQ. LOPEZ OTERO,2018-01-06 19:00,3,1,2
603,AP ARQ. LOPEZ OTERO,2018-01-26 4:00,3,3,0
87,AP ARQ. LOPEZ OTERO,2018-01-04 16:00,1,0,1
591,AP ARQ. LOPEZ OTERO,2018-01-25 16:00,3,3,0
706,AP ARQ. LOPEZ OTERO,2018-01-30 11:00,4,4,0
202,AP ARQ. LOPEZ OTERO,2018-01-09 11:00,2,0,2
159,AP ARQ. LOPEZ OTERO,2018-01-07 16:00,2,2,0
331,AP ARQ. LOPEZ OTERO,2018-01-14 20:00,4,0,4
407,AP ARQ. LOPEZ OTERO,2018-01-18 0:00,2,2,0
335,AP ARQ. LOPEZ OTERO,2018-01-15 0:00,3,3,0
312,AP ARQ. LOPEZ OTERO,2018-01-14 1:00,3,2,1
599,AP ARQ. LOPEZ OTERO,2018-01-26 0:00,1,1,0
874,AP ARQ. LOPEZ OTERO,2018-02-06 11:00,3,1,2
567,AP ARQ. LOPEZ OTERO,2018-01-24 16:00,6,0,6
643,AP ARQ. LOPEZ OTERO,2018-01-27 20:00,1,0,1
169,AP ARQ. LOPEZ OTERO,2018-01-08 2:00,3,3,0
195,AP ARQ. LOPEZ OTERO,2018-01-09 4:00,3,1,2
879,AP ARQ. LOPEZ OTERO,2018-02-06 16:00,3,3,0
586,AP ARQ. LOPEZ OTERO,2018-01-25 11:00,2,1,1
601,AP ARQ. LOPEZ OTERO,2018-01-26 2:00,3,2,1
550,AP ARQ. LOPEZ OTERO,2018-01-23 23:00,3,3,0
551,AP ARQ. LOPEZ OTERO,2018-01-24 0:00,2,2,0
552,AP ARQ. LOPEZ OTERO,2018-01-24 1:00,2,2,0
553,AP ARQ. LOPEZ OTERO,2018-01-24 2:00,3,2,1
980,AP ARQ. LOPEZ OTERO,2018-02-10 21:00,3,2,1
959,AP ARQ. LOPEZ OTERO,2018-02-10 0:00,3,3,0
308,AP ARQ. LOPEZ OTERO,2018-01-13 21:00,0,0,0
917,AP ARQ. LOPEZ OTERO,2018-02-08 6:00,8,8,0
484,AP ARQ. LOPEZ OTERO,2018-01-21 5:00,4,2,2
485,AP ARQ. LOPEZ OTERO,2018-01-21 6:00,0,0,0
486,AP ARQ. LOPEZ OTERO,2018-01-21 7:00,3,2,1
487,AP ARQ. LOPEZ OTERO,2018-01-21 8:00,1,0,1
488,AP ARQ. LOPEZ OTERO,2018-01-21 9:00,3,3,0
489,AP ARQ. LOPEZ OTERO,2018-01-21 10:00,1,1,0
490,AP ARQ. LOPEZ OTERO,2018-01-21 11:00,3,2,1
491,AP ARQ. LOPEZ OTERO,2018-01-21 12:00,2,0,2
492,AP ARQ. LOPEZ OTERO,2018-01-21 13:00,4,3,1
493,AP ARQ. LOPEZ OTERO,2018-01-21 14:00,0,0,0
494,AP ARQ. LOPEZ OTERO,2018-01-21 15:00,2,0,2
495,AP ARQ. LOPEZ OTERO,2018-01-21 16:00,5,0,5
496,AP ARQ. LOPEZ OTERO,2018-01-21 17:00,2,2,0
497,AP ARQ. LOPEZ OTERO,2018-01-21 18:00,4,3,1
498,AP ARQ. LOPEZ OTERO,2018-01-21 19:00,1,1,0
667,AP ARQ. LOPEZ OTERO,2018-01-28 20:00,2,0,2
704,AP ARQ. LOPEZ OTERO,2018-01-30 9:00,1,1,0
379,AP ARQ. LOPEZ OTERO,2018-01-16 20:00,4,0,4
380,AP ARQ. LOPEZ OTERO,2018-01-16 21:00,1,1,0
863,AP ARQ. LOPEZ OTERO,2018-02-06 0:00,2,1,1
91,AP ARQ. LOPEZ OTERO,2018-01-04 20:00,0,0,0
878,AP ARQ. LOPEZ OTERO,2018-02-06 15:00,1,1,0
817,AP ARQ. LOPEZ OTERO,2018-02-04 2:00,2,0,2
968,AP ARQ. LOPEZ OTERO,2018-02-10 9:00,3,1,2
940,AP ARQ. LOPEZ OTERO,2018-02-09 5:00,1,1,0
420,AP ARQ. LOPEZ OTERO,2018-01-18 13:00,1,0,1
440,AP ARQ. LOPEZ OTERO,2018-01-19 9:00,1,1,0
125,AP ARQ. LOPEZ OTERO,2018-01-06 6:00,3,3,0
821,AP ARQ. LOPEZ OTERO,2018-02-04 6:00,3,3,0
412,AP ARQ. LOPEZ OTERO,2018-01-18 5:00,5,4,1
915,AP ARQ. LOPEZ OTERO,2018-02-08 4:00,2,1,1
927,AP ARQ. LOPEZ OTERO,2018-02-08 16:00,3,2,1
90,AP ARQ. LOPEZ OTERO,2018-01-04 19:00,4,4,0
860,AP ARQ. LOPEZ OTERO,2018-02-05 21:00,5,3,2
991,AP ARQ. LOPEZ OTERO,2018-02-11 8:00,4,3,1
671,AP ARQ. LOPEZ OTERO,2018-01-29 0:00,1,1,0
141,AP ARQ. LOPEZ OTERO,2018-01-06 22:00,6,4,2
408,AP ARQ. LOPEZ OTERO,2018-01-18 1:00,4,3,1
969,AP ARQ. LOPEZ OTERO,2018-02-10 10:00,2,1,1
788,AP ARQ. LOPEZ OTERO,2018-02-02 21:00,4,1,3
923,AP ARQ. LOPEZ OTERO,2018-02-08 12:00,2,2,0
689,AP ARQ. LOPEZ OTERO,2018-01-29 18:00,1,0,1
729,AP ARQ. LOPEZ OTERO,2018-01-31 10:00,1,1,0
924,AP ARQ. LOPEZ OTERO,2018-02-08 13:00,1,1,0
971,AP ARQ. LOPEZ OTERO,2018-02-10 12:00,2,2,0
8,AP ARQ. LOPEZ OTERO,2018-01-01 9:00,1,1,0
234,AP ARQ. LOPEZ OTERO,2018-01-10 19:00,5,4,1
578,AP ARQ. LOPEZ OTERO,2018-01-25 3:00,6,1,5
59,AP ARQ. LOPEZ OTERO,2018-01-03 12:00,3,2,1
946,AP ARQ. LOPEZ OTERO,2018-02-09 11:00,2,2,0
233,AP ARQ. LOPEZ OTERO,2018-01-10 18:00,2,0,2
777,AP ARQ. LOPEZ OTERO,2018-02-02 10:00,3,3,0
279,AP ARQ. LOPEZ OTERO,2018-01-12 16:00,2,1,1
370,AP ARQ. LOPEZ OTERO,2018-01-16 11:00,2,2,0
241,AP ARQ. LOPEZ OTERO,2018-01-11 2:00,1,0,1
635,AP ARQ. LOPEZ OTERO,2018-01-27 12:00,6,6,0
650,AP ARQ. LOPEZ OTERO,2018-01-28 3:00,6,3,3
437,AP ARQ. LOPEZ OTERO,2018-01-19 6:00,3,2,1
865,AP ARQ. LOPEZ OTERO,2018-02-06 2:00,2,0,2
373,AP ARQ. LOPEZ OTERO,2018-01-16 14:00,0,0,0
961,AP ARQ. LOPEZ OTERO,2018-02-10 2:00,5,5,0
403,AP ARQ. LOPEZ OTERO,2018-01-17 20:00,1,0,1
746,AP ARQ. LOPEZ OTERO,2018-02-01 3:00,3,1,2
-1,centre,time_extract,num_occupation,num_students,num_staff
0,AP ARQ. LOPEZ OTERO,2018-01-01 1:00,0,0,0
1,AP ARQ. LOPEZ OTERO,2018-01-01 2:00,3,3,0
2,AP ARQ. LOPEZ OTERO,2018-01-01 3:00,3,3,0
3,AP ARQ. LOPEZ OTERO,2018-01-01 4:00,5,3,2
4,AP ARQ. LOPEZ OTERO,2018-01-01 5:00,6,3,3
5,AP ARQ. LOPEZ OTERO,2018-01-01 6:00,3,3,0
814,AP ARQ. LOPEZ OTERO,2018-02-03 23:00,2,2,0
765,AP ARQ. LOPEZ OTERO,2018-02-01 22:00,1,0,1
769,AP ARQ. LOPEZ OTERO,2018-02-02 2:00,1,1,0
62,AP ARQ. LOPEZ OTERO,2018-01-03 15:00,3,3,0
384,AP ARQ. LOPEZ OTERO,2018-01-17 1:00,3,2,1
385,AP ARQ. LOPEZ OTERO,2018-01-17 2:00,1,1,0
895,AP ARQ. LOPEZ OTERO,2018-02-07 8:00,1,1,0

375,AP ARQ. LOPEZ OTERO,2018-01-16 16:00,0,0,0
99,AP ARQ. LOPEZ OTERO,2018-01-05 4:00,3,1,2
443,AP ARQ. LOPEZ OTERO,2018-01-19 12:00,2,1,1
806,AP ARQ. LOPEZ OTERO,2018-02-03 15:00,2,2,0
357,AP ARQ. LOPEZ OTERO,2018-01-15 22:00,2,2,0
452,AP ARQ. LOPEZ OTERO,2018-01-19 21:00,2,2,0
960,AP ARQ. LOPEZ OTERO,2018-02-10 1:00,1,0,1
227,AP ARQ. LOPEZ OTERO,2018-01-10 12:00,0,0,0
53,AP ARQ. LOPEZ OTERO,2018-01-03 6:00,1,1,0
170,AP ARQ. LOPEZ OTERO,2018-01-08 3:00,4,4,0
280,AP ARQ. LOPEZ OTERO,2018-01-12 17:00,2,2,0
442,AP ARQ. LOPEZ OTERO,2018-01-19 11:00,3,2,1
655,AP ARQ. LOPEZ OTERO,2018-01-28 8:00,3,3,0
283,AP ARQ. LOPEZ OTERO,2018-01-12 20:00,2,2,0
950,AP ARQ. LOPEZ OTERO,2018-02-09 15:00,2,0,2
716,AP ARQ. LOPEZ OTERO,2018-01-30 21:00,3,1,2
240,AP ARQ. LOPEZ OTERO,2018-01-11 1:00,1,1,0
625,AP ARQ. LOPEZ OTERO,2018-01-27 2:00,3,1,2
323,AP ARQ. LOPEZ OTERO,2018-01-14 12:00,2,2,0
718,AP ARQ. LOPEZ OTERO,2018-01-30 23:00,0,0,0
130,AP ARQ. LOPEZ OTERO,2018-01-06 11:00,1,1,0
857,AP ARQ. LOPEZ OTERO,2018-02-05 18:00,5,5,0
467,AP ARQ. LOPEZ OTERO,2018-01-20 12:00,4,1,3
468,AP ARQ. LOPEZ OTERO,2018-01-20 13:00,7,4,3
463,AP ARQ. LOPEZ OTERO,2018-01-20 8:00,4,4,0
464,AP ARQ. LOPEZ OTERO,2018-01-20 9:00,1,1,0
449,AP ARQ. LOPEZ OTERO,2018-01-19 18:00,1,1,0
624,AP ARQ. LOPEZ OTERO,2018-01-27 1:00,4,4,0
267,AP ARQ. LOPEZ OTERO,2018-01-12 4:00,3,0,3
793,AP ARQ. LOPEZ OTERO,2018-02-03 2:00,4,4,0
846,AP ARQ. LOPEZ OTERO,2018-02-05 7:00,3,1,2
260,AP ARQ. LOPEZ OTERO,2018-01-11 21:00,5,3,2
17,AP ARQ. LOPEZ OTERO,2018-01-01 18:00,1,0,1
962,AP ARQ. LOPEZ OTERO,2018-02-10 3:00,3,2,1
257,AP ARQ. LOPEZ OTERO,2018-01-11 18:00,2,2,0
707,AP ARQ. LOPEZ OTERO,2018-01-30 12:00,2,1,1
419,AP ARQ. LOPEZ OTERO,2018-01-18 12:00,5,4,1
344,AP ARQ. LOPEZ OTERO,2018-01-15 9:00,3,1,2
68,AP ARQ. LOPEZ OTERO,2018-01-03 21:00,2,2,0
613,AP ARQ. LOPEZ OTERO,2018-01-26 14:00,2,2,0
214,AP ARQ. LOPEZ OTERO,2018-01-09 23:00,3,3,0
328,AP ARQ. LOPEZ OTERO,2018-01-14 17:00,0,0,0
366,AP ARQ. LOPEZ OTERO,2018-01-16 7:00,2,2,0
462,AP ARQ. LOPEZ OTERO,2018-01-20 7:00,3,1,2
218,AP ARQ. LOPEZ OTERO,2018-01-10 3:00,0,0,0
219,AP ARQ. LOPEZ OTERO,2018-01-10 4:00,3,1,2
611,AP ARQ. LOPEZ OTERO,2018-01-26 12:00,4,0,4
272,AP ARQ. LOPEZ OTERO,2018-01-12 9:00,3,3,0
612,AP ARQ. LOPEZ OTERO,2018-01-26 13:00,2,2,0
291,AP ARQ. LOPEZ OTERO,2018-01-13 4:00,5,5,0
295,AP ARQ. LOPEZ OTERO,2018-01-13 8:00,2,2,0
196,AP ARQ. LOPEZ OTERO,2018-01-09 5:00,1,1,0
724,AP ARQ. LOPEZ OTERO,2018-01-31 5:00,2,1,1
609,AP ARQ. LOPEZ OTERO,2018-01-26 10:00,0,0,0
198,AP ARQ. LOPEZ OTERO,2018-01-09 7:00,1,0,1
957,AP ARQ. LOPEZ OTERO,2018-02-09 22:00,1,1,0
25,AP ARQ. LOPEZ OTERO,2018-01-02 2:00,3,2,1
684,AP ARQ. LOPEZ OTERO,2018-01-29 13:00,2,1,1
831,AP ARQ. LOPEZ OTERO,2018-02-04 16:00,0,0,0
396,AP ARQ. LOPEZ OTERO,2018-01-17 13:00,5,3,2
75,AP ARQ. LOPEZ OTERO,2018-01-04 4:00,3,3,0
906,AP ARQ. LOPEZ OTERO,2018-02-07 19:00,2,1,1
21,AP ARQ. LOPEZ OTERO,2018-01-01 22:00,4,0,4
139,AP ARQ. LOPEZ OTERO,2018-01-06 20:00,1,1,0
805,AP ARQ. LOPEZ OTERO,2018-02-03 14:00,1,1,0
156,AP ARQ. LOPEZ OTERO,2018-01-07 13:00,6,3,3
171,AP ARQ. LOPEZ OTERO,2018-01-08 4:00,2,1,1
9,AP ARQ. LOPEZ OTERO,2018-01-01 10:00,4,4,0
10,AP ARQ. LOPEZ OTERO,2018-01-01 11:00,1,1,0
610,AP ARQ. LOPEZ OTERO,2018-01-26 11:00,2,1,1
200,AP ARQ. LOPEZ OTERO,2018-01-09 9:00,0,0,0
705,AP ARQ. LOPEZ OTERO,2018-01-30 10:00,1,0,1
868,AP ARQ. LOPEZ OTERO,2018-02-06 5:00,3,1,2
167,AP ARQ. LOPEZ OTERO,2018-01-08 0:00,0,0,0
766,AP ARQ. LOPEZ OTERO,2018-02-01 23:00,2,2,0
427,AP ARQ. LOPEZ OTERO,2018-01-18 20:00,2,1,1
186,AP ARQ. LOPEZ OTERO,2018-01-08 19:00,3,2,1
976,AP ARQ. LOPEZ OTERO,2018-02-10 17:00,1,1,0
714,AP ARQ. LOPEZ OTERO,2018-01-30 19:00,5,5,0
184,AP ARQ. LOPEZ OTERO,2018-01-08 17:00,7,4,3
662,AP ARQ. LOPEZ OTERO,2018-01-28 15:00,1,1,0
626,AP ARQ. LOPEZ OTERO,2018-01-27 3:00,3,1,2
590,AP ARQ. LOPEZ OTERO,2018-01-25 15:00,0,0,0
361,AP ARQ. LOPEZ OTERO,2018-01-16 2:00,3,3,0
885,AP ARQ. LOPEZ OTERO,2018-02-06 22:00,4,4,0
733,AP ARQ. LOPEZ OTERO,2018-01-31 14:00,5,1,4
832,AP ARQ. LOPEZ OTERO,2018-02-04 17:00,0,0,0
12,AP ARQ. LOPEZ OTERO,2018-01-01 13:00,6,3,3
13,AP ARQ. LOPEZ OTERO,2018-01-01 14:00,5,1,4
675,AP ARQ. LOPEZ OTERO,2018-01-29 4:00,3,2,1
753,AP ARQ. LOPEZ OTERO,2018-02-01 10:00,2,1,1
364,AP ARQ. LOPEZ OTERO,2018-01-16 5:00,0,0,0
20,AP ARQ. LOPEZ OTERO,2018-01-01 21:00,2,2,0
944,AP ARQ. LOPEZ OTERO,2018-02-09 9:00,3,3,0
395,AP ARQ. LOPEZ OTERO,2018-01-17 12:00,2,2,0
89,AP ARQ. LOPEZ OTERO,2018-01-04 18:00,0,0,0
340,AP ARQ. LOPEZ OTERO,2018-01-15 5:00,3,2,1
619,AP ARQ. LOPEZ OTERO,2018-01-26 20:00,2,1,1
222,AP ARQ. LOPEZ OTERO,2018-01-10 7:00,1,1,0
223,AP ARQ. LOPEZ OTERO,2018-01-10 8:00,1,0,1
815,AP ARQ. LOPEZ OTERO,2018-02-04 0:00,5,0,5
975,AP ARQ. LOPEZ OTERO,2018-02-10 16:00,2,2,0
829,AP ARQ. LOPEZ OTERO,2018-02-04 14:00,2,2,0
472,AP ARQ. LOPEZ OTERO,2018-01-20 17:00,3,3,0
246,AP ARQ. LOPEZ OTERO,2018-01-11 7:00,1,1,0
55,AP ARQ. LOPEZ OTERO,2018-01-03 8:00,2,1,1
398,AP ARQ. LOPEZ OTERO,2018-01-17 15:00,1,0,1
253,AP ARQ. LOPEZ OTERO,2018-01-11 14:00,1,1,0
299,AP ARQ. LOPEZ OTERO,2018-01-13 12:00,5,5,0
754,AP ARQ. LOPEZ OTERO,2018-02-01 11:00,4,1,3
834,AP ARQ. LOPEZ OTERO,2018-02-04 19:00,2,2,0
84,AP ARQ. LOPEZ OTERO,2018-01-04 13:00,3,3,0
314,AP ARQ. LOPEZ OTERO,2018-01-14 3:00,2,2,0
18,AP ARQ. LOPEZ OTERO,2018-01-01 19:00,3,1,2
880,AP ARQ. LOPEZ OTERO,2018-02-06 17:00,3,3,0
762,AP ARQ. LOPEZ OTERO,2018-02-01 19:00,4,3,1
881,AP ARQ. LOPEZ OTERO,2018-02-06 18:00,2,0,2
554,AP ARQ. LOPEZ OTERO,2018-01-24 3:00,1,1,0
19,AP ARQ. LOPEZ OTERO,2018-01-01 20:00,0,0,0
967,AP ARQ. LOPEZ OTERO,2018-02-10 8:00,1,1,0
24,AP ARQ. LOPEZ OTERO,2018-01-02 1:00,1,1,0
701,AP ARQ. LOPEZ OTERO,2018-01-30 6:00,2,0,2
376,AP ARQ. LOPEZ OTERO,2018-01-16 17:00,0,0,0
413,AP ARQ. LOPEZ OTERO,2018-01-18 6:00,2,1,1
277,AP ARQ. LOPEZ OTERO,2018-01-12 14:00,0,0,0
978,AP ARQ. LOPEZ OTERO,2018-02-10 19:00,0,0,0
140,AP ARQ. LOPEZ OTERO,2018-01-06 21:00,3,0,3
596,AP ARQ. LOPEZ OTERO,2018-01-25 21:00,3,1,2
432,AP ARQ. LOPEZ OTERO,2018-01-19 1:00,1,0,1
433,AP ARQ. LOPEZ OTERO,2018-01-19 2:00,1,1,0
215,AP ARQ. LOPEZ OTERO,2018-01-10 0:00,3,3,0
717,AP ARQ. LOPEZ OTERO,2018-01-30 22:00,3,3,0
341,AP ARQ. LOPEZ OTERO,2018-01-15 6:00,2,1,1
875,AP ARQ. LOPEZ OTERO,2018-02-06 12:00,2,1,1
702,AP ARQ. LOPEZ OTERO,2018-01-30 7:00,5,3,2
38,AP ARQ. LOPEZ OTERO,2018-01-02 15:00,2,1,1
161,AP ARQ. LOPEZ OTERO,2018-01-07 18:00,2,1,1
761,AP ARQ. LOPEZ OTERO,2018-02-01 18:00,3,1,2
747,AP ARQ. LOPEZ OTERO,2018-02-01 4:00,5,5,0
106,AP ARQ. LOPEZ OTERO,2018-01-05 11:00,4,4,0
744,AP ARQ. LOPEZ OTERO,2018-02-01 1:00,1,1,0
678,AP ARQ. LOPEZ OTERO,2018-01-29 7:00,1,1,0
250,AP ARQ. LOPEZ OTERO,2018-01-11 11:00,2,2,0
438,AP ARQ. LOPEZ OTERO,2018-01-19 7:00,1,1,0
258,AP ARQ. LOPEZ OTERO,2018-01-11 19:00,2,2,0
276,AP ARQ. LOPEZ OTERO,2018-01-12 13:00,4,3,1
322,AP ARQ. LOPEZ OTERO,2018-01-14 11:00,1,0,1
334,AP ARQ. LOPEZ OTERO,2018-01-14 23:00,1,1,0
256,AP ARQ. LOPEZ OTERO,2018-01-11 17:00,1,1,0
296,AP ARQ. LOPEZ OTERO,2018-01-13 9:00,2,2,0
891,AP ARQ. LOPEZ OTERO,2018-02-07 4:00,3,3,0
914,AP ARQ. LOPEZ OTERO,2018-02-08 3:00,1,1,0
326,AP ARQ. LOPEZ OTERO,2018-01-14 15:00,4,2,2
700,AP ARQ. LOPEZ OTERO,2018-01-30 5:00,1,1,0
28,AP ARQ. LOPEZ OTERO,2018-01-02 5:00,1,0,1
298,AP ARQ. LOPEZ OTERO,2018-01-13 11:00,2,2,0
910,AP ARQ. LOPEZ OTERO,2018-02-07 23:00,2,1,1
558,AP ARQ. LOPEZ OTERO,2018-01-24 7:00,3,0,3
559,AP ARQ. LOPEZ OTERO,2018-01-24 8:00,2,1,1
329,AP ARQ. LOPEZ OTERO,2018-01-14 18:00,1,1,0
204,AP ARQ. LOPEZ OTERO,2018-01-09 13:00,1,1,0
105,AP ARQ. LOPEZ OTERO,2018-01-05 10:00,4,1,3
703,AP ARQ. LOPEZ OTERO,2018-01-30 8:00,1,1,0
57,AP ARQ. LOPEZ OTERO,2018-01-03 10:00,0,0,0
742,AP ARQ. LOPEZ OTERO,2018-01-31 23:00,4,1,3
349,AP ARQ. LOPEZ OTERO,2018-01-15 14:00,5,3,2
350,AP ARQ. LOPEZ OTERO,2018-01-15 15:00,2,1,1
641,AP ARQ. LOPEZ OTERO,2018-01-27 18:00,3,2,1
127,AP ARQ. LOPEZ OTERO,2018-01-06 8:00,2,1,1
297,AP ARQ. LOPEZ OTERO,2018-01-13 10:00,2,2,0
656,AP ARQ. LOPEZ OTERO,2018-01-28 9:00,1,1,0
636,AP ARQ. LOPEZ OTERO,2018-01-27 13:00,3,3,0
194,AP ARQ. LOPEZ OTERO,2018-01-09 3:00,2,0,2
391,AP ARQ. LOPEZ OTERO,2018-01-17 8:00,2,2,0
70,AP ARQ. LOPEZ OTERO,2018-01-03 23:00,1,1,0
71,AP ARQ. LOPEZ OTERO,2018-01-04 0:00,0,0,0
897,AP ARQ. LOPEZ OTERO,2018-02-07 10:00,3,0,3
570,AP ARQ. LOPEZ OTERO,2018-01-24 19:00,2,1,1
739,AP ARQ. LOPEZ OTERO,2018-01-31 20:00,1,1,0
107,AP ARQ. LOPEZ OTERO,2018-01-05 12:00,3,2,1
34,AP ARQ. LOPEZ OTERO,2018-01-02 11:00,2,1,1
282,AP ARQ. LOPEZ OTERO,2018-01-12 19:00,1,0,1
409,AP ARQ. LOPEZ OTERO,2018-01-18 2:00,2,1,1
709,AP ARQ. LOPEZ OTERO,2018-01-30 14:00,1,1,0
450,AP ARQ. LOPEZ OTERO,2018-01-19 19:00,4,1,3
150,AP ARQ. LOPEZ OTERO,2018-01-07 7:00,4,4,0
615,AP ARQ. LOPEZ OTERO,2018-01-26 16:00,3,2,1
563,AP ARQ. LOPEZ OTERO,2018-01-24 12:00,0,0,0
835,AP ARQ. LOPEZ OTERO,2018-02-04 20:00,2,2,0
48,AP ARQ. LOPEZ OTERO,2018-01-03 1:00,3,3,0
768,AP ARQ. LOPEZ OTERO,2018-02-02 1:00,2,2,0
318,AP ARQ. LOPEZ OTERO,2018-01-14 7:00,2,1,1
333,AP ARQ. LOPEZ OTERO,2018-01-14 22:00,2,2,0
46,AP ARQ. LOPEZ OTERO,2018-01-02 23:00,2,2,0
212,AP ARQ. LOPEZ OTERO,2018-01-09 21:00,4,3,1
342,AP ARQ. LOPEZ OTERO,2018-01-15 7:00,3,3,0
474,AP ARQ. LOPEZ OTERO,2018-01-20 19:00,0,0,0
919,AP ARQ. LOPEZ OTERO,2018-02-08 8:00,1,1,0
645,AP ARQ. LOPEZ OTERO,2018-01-27 22:00,2,2,0
840,AP ARQ. LOPEZ OTERO,2018-02-05 1:00,0,0,0
736,AP ARQ. LOPEZ OTERO,2018-01-31 17:00,0,0,0
360,AP ARQ. LOPEZ OTERO,2018-01-16 1:00,1,1,0
633,AP ARQ. LOPEZ OTERO,2018-01-27 10:00,4,1,3
638,AP ARQ. LOPEZ OTERO,2018-01-27 15:00,1,1,0
15,AP ARQ. LOPEZ OTERO,2018-01-01 16:00,5,2,3
16,AP ARQ. LOPEZ OTERO,2018-01-01 17:00,2,2,0
826,AP ARQ. LOPEZ OTERO,2018-02-04 11:00,4,2,2
779,AP ARQ. LOPEZ OTERO,2018-02-02 12:00,3,1,2
319,AP ARQ. LOPEZ OTERO,2018-01-14 8:00,0,0,0
587,AP ARQ. LOPEZ OTERO,2018-01-25 12:00,1,1,0
637,AP ARQ. LOPEZ OTERO,2018-01-27 14:00,3,1,2
406,AP ARQ. LOPEZ OTERO,2018-01-17 23:00,2,1,1
715,AP ARQ. LOPEZ OTERO,2018-01-30 20:00,2,2,0
668,AP ARQ. LOPEZ OTERO,2018-01-28 21:00,1,1,0
803,AP ARQ. LOPEZ OTERO,2018-02-03 12:00,2,1,1
804,AP ARQ. LOPEZ OTERO,2018-02-03 13:00,2,2,0
120,AP ARQ. LOPEZ OTERO,2018-01-06 1:00,4,4,0
600,AP ARQ. LOPEZ OTERO,2018-01-26 1:00,1,1,0
710,AP ARQ. LOPEZ OTERO,2018-01-30 15:00,3,1,2
903,AP ARQ. LOPEZ OTERO,2018-02-07 16:00,4,0,4
872,AP ARQ. LOPEZ OTERO,2018-02-06 9:00,2,1,1
315,AP ARQ. LOPEZ OTERO,2018-01-14 4:00,0,0,0
646,AP ARQ. LOPEZ OTERO,2018-01-27 23:00,2,1,1
855,AP ARQ. LOPEZ OTERO,2018-02-05 16:00,3,3,0
374,AP ARQ. LOPEZ OTERO,2018-01-16 15:00,3,2,1
795,AP ARQ. LOPEZ OTERO,2018-02-03 4:00,2,2,0
221,AP ARQ. LOPEZ OTERO,2018-01-10 6:00,1,1,0
454,AP ARQ. LOPEZ OTERO,2018-01-19 23:00,2,1,1
306,AP ARQ. LOPEZ OTERO,2018-01-13 19:00,5,2,3
647,AP ARQ. LOPEZ OTERO,2018-01-28 0:00,1,1,0
461,AP ARQ. LOPEZ OTERO,2018-01-20 6:00,1,1,0
734,AP ARQ. LOPEZ OTERO,2018-01-31 15:00,4,3,1
83,AP ARQ. LOPEZ OTERO,2018-01-04 12:00,2,2,0
665,AP ARQ. LOPEZ OTERO,2018-01-28 18:00,0,0,0
168,AP ARQ. LOPEZ OTERO,2018-01-08 1:00,2,1,1
210,AP ARQ. LOPEZ OTERO,2018-01-09 19:00,5,2,3
693,AP ARQ. LOPEZ OTERO,2018-01-29 22:00,3,3,0
921,AP ARQ. LOPEZ OTERO,2018-02-08 10:00,3,3,0
943,AP ARQ. LOPEZ OTERO,2018-02-09 8:00,2,2,0
628,AP ARQ. LOPEZ OTERO,2018-01-27 5:00,2,2,0
369,AP ARQ. LOPEZ OTERO,2018-01-16 10:00,4,2,2
699,AP ARQ. LOPEZ OTERO,2018-01-30 4:00,3,3,0
281,AP ARQ. LOPEZ OTERO,2018-01-12 18:00,1,1,0
823,AP ARQ. LOPEZ OTERO,2018-02-04 8:00,2,0,2
681,AP ARQ. LOPEZ OTERO,2018-01-29 10:00,5,5,0
181,AP ARQ. LOPEZ OTERO,2018-01-08 14:00,3,1,2
14,AP ARQ. LOPEZ OTERO,2018-01-01 15:00,1,1,0
649,AP ARQ. LOPEZ OTERO,2018-01-28 2:00,2,2,0
838,AP ARQ. LOPEZ OTERO,2018-02-04 23:00,0,0,0
386,AP ARQ. LOPEZ OTERO,2018-01-17 3:00,0,0,0
796,AP ARQ. LOPEZ OTERO,2018-02-03 5:00,1,1,0
620,AP ARQ. LOPEZ OTERO,2018-01-26 21:00,1,1,0
77,AP ARQ. LOPEZ OTERO,2018-01-04 6:00,2,1,1
672,AP ARQ. LOPEZ OTERO,2018-01-29 1:00,3,3,0
476,AP ARQ. LOPEZ OTERO,2018-01-20 21:00,3,3,0
477,AP ARQ. LOPEZ OTERO,2018-01-20 22:00,1,1,0
430,AP ARQ. LOPEZ OTERO,2018-01-18 23:00,0,0,0
431,AP ARQ. LOPEZ OTERO,2018-01-19 0:00,3,3,0
247,AP ARQ. LOPEZ OTERO,2018-01-11 8:00,5,1,4
847,AP ARQ. LOPEZ OTERO,2018-02-05 8:00,2,2,0
622,AP ARQ. LOPEZ OTERO,2018-01-26 23:00,3,1,2
866,AP ARQ. LOPEZ OTERO,2018-02-06 3:00,2,0,2
939,AP ARQ. LOPEZ OTERO,2018-02-09 4:00,6,0,6
415,AP ARQ. LOPEZ OTERO,2018-01-18 8:00,1,1,0
179,AP ARQ. LOPEZ OTERO,2018-01-08 12:00,1,1,0
955,AP ARQ. LOPEZ OTERO,2018-02-09 20:00,2,2,0
273,AP ARQ. LOPEZ OTERO,2018-01-12 10:00,6,6,0
963,AP ARQ. LOPEZ OTERO,2018-02-10 4:00,3,2,1
871,AP ARQ. LOPEZ OTERO,2018-02-06 8:00,2,1,1
41,AP ARQ. LOPEZ OTERO,2018-01-02 18:00,2,1,1
40,AP ARQ. LOPEZ OTERO,2018-01-02 17:00,0,0,0
658,AP ARQ. LOPEZ OTERO,2018-01-28 11:00,1,1,0
988,AP ARQ. LOPEZ OTERO,2018-02-11 5:00,1,1,0
284,AP ARQ. LOPEZ OTERO,2018-01-12 21:00,2,2,0
264,AP ARQ. LOPEZ OTERO,2018-01-12 1:00,0,0,0
303,AP ARQ. LOPEZ OTERO,2018-01-13 16:00,3,0,3
732,AP ARQ. LOPEZ OTERO,2018-01-31 13:00,1,1,0
177,AP ARQ. LOPEZ OTERO,2018-01-08 10:00,2,0,2
301,AP ARQ. LOPEZ OTERO,2018-01-13 14:00,5,2,3
302,AP ARQ. LOPEZ OTERO,2018-01-13 15:00,2,2,0
890,AP ARQ. LOPEZ OTERO,2018-02-07 3:00,4,4,0
861,AP ARQ. LOPEZ OTERO,2018-02-05 22:00,4,2,2
388,AP ARQ. LOPEZ OTERO,2018-01-17 5:00,7,5,2
52,AP ARQ. LOPEZ OTERO,2018-01-03 5:00,1,0,1
690,AP ARQ. LOPEZ OTERO,2018-01-29 19:00,3,3,0
378,AP ARQ. LOPEZ OTERO,2018-01-16 19:00,1,1,0
853,AP ARQ. LOPEZ OTERO,2018-02-05 14:00,1,1,0
756,AP ARQ. LOPEZ OTERO,2018-02-01 13:00,2,2,0
93,AP ARQ. LOPEZ OTERO,2018-01-04 22:00,3,3,0
659,AP ARQ. LOPEZ OTERO,2018-01-28 12:00,3,2,1
325,AP ARQ. LOPEZ OTERO,2018-01-14 14:00,3,2,1
124,AP ARQ. LOPEZ OTERO,2018-01-06 5:00,3,2,1
126,AP ARQ. LOPEZ OTERO,2018-01-06 7:00,2,1,1
151,AP ARQ. LOPEZ OTERO,2018-01-07 8:00,1,1,0
930,AP ARQ. LOPEZ OTERO,2018-02-08 19:00,2,0,2
713,AP ARQ. LOPEZ OTERO,2018-01-30 18:00,3,2,1
160,AP ARQ. LOPEZ OTERO,2018-01-07 17:00,6,1,5
255,AP ARQ. LOPEZ OTERO,2018-01-11 16:00,1,1,0
937,AP ARQ. LOPEZ OTERO,2018-02-09 2:00,3,2,1
589,AP ARQ. LOPEZ OTERO,2018-01-25 14:00,2,2,0
133,AP ARQ. LOPEZ OTERO,2018-01-06 14:00,3,1,2
696,AP ARQ. LOPEZ OTERO,2018-01-30 1:00,1,1,0
731,AP ARQ. LOPEZ OTERO,2018-01-31 12:00,2,2,0
292,AP ARQ. LOPEZ OTERO,2018-01-13 5:00,1,1,0
76,AP ARQ. LOPEZ OTERO,2018-01-04 5:00,2,2,0
116,AP ARQ. LOPEZ OTERO,2018-01-05 21:00,1,0,1
460,AP ARQ. LOPEZ OTERO,2018-01-20 5:00,1,1,0
465,AP ARQ. LOPEZ OTERO,2018-01-20 10:00,3,3,0
466,AP ARQ. LOPEZ OTERO,2018-01-20 11:00,6,0,6
359,AP ARQ. LOPEZ OTERO,2018-01-16 0:00,1,1,0
892,AP ARQ. LOPEZ OTERO,2018-02-07 5:00,1,1,0
416,AP ARQ. LOPEZ OTERO,2018-01-18 9:00,1,1,0
931,AP ARQ. LOPEZ OTERO,2018-02-08 20:00,1,1,0
268,AP ARQ. LOPEZ OTERO,2018-01-12 5:00,4,1,3
269,AP ARQ. LOPEZ OTERO,2018-01-12 6:00,2,0,2
607,AP ARQ. LOPEZ OTERO,2018-01-26 8:00,2,2,0
901,AP ARQ. LOPEZ OTERO,2018-02-07 14:00,1,1,0
977,AP ARQ. LOPEZ OTERO,2018-02-10 18:00,4,0,4
820,AP ARQ. LOPEZ OTERO,2018-02-04 5:00,1,1,0
995,AP ARQ. LOPEZ OTERO,2018-02-11 12:00,2,2,0
564,AP ARQ. LOPEZ OTERO,2018-01-24 13:00,5,0,5
920,AP ARQ. LOPEZ OTERO,2018-02-08 9:00,1,1,0
889,AP ARQ. LOPEZ OTERO,2018-02-07 2:00,3,3,0
685,AP ARQ. LOPEZ OTERO,2018-01-29 14:00,0,0,0
783,AP ARQ. LOPEZ OTERO,2018-02-02 16:00,2,2,0
236,AP ARQ. LOPEZ OTERO,2018-01-10 21:00,1,1,0
115,AP ARQ. LOPEZ OTERO,2018-01-05 20:00,2,1,1
994,AP ARQ. LOPEZ OTERO,2018-02-11 11:00,2,1,1
293,AP ARQ. LOPEZ OTERO,2018-01-13 6:00,1,1,0
990,AP ARQ. LOPEZ OTERO,2018-02-11 7:00,5,3,2
176,AP ARQ. LOPEZ OTERO,2018-01-08 9:00,1,1,0
426,AP ARQ. LOPEZ OTERO,2018-01-18 19:00,0,0,0
691,AP ARQ. LOPEZ OTERO,2018-01-29 20:00,1,0,1
363,AP ARQ. LOPEZ OTERO,2018-01-16 4:00,4,0,4
750,AP ARQ. LOPEZ OTERO,2018-02-01 7:00,2,2,0
111,AP ARQ. LOPEZ OTERO,2018-01-05 16:00,1,1,0
104,AP ARQ. LOPEZ OTERO,2018-01-05 9:00,0,0,0
661,AP ARQ. LOPEZ OTERO,2018-01-28 14:00,3,2,1
345,AP ARQ. LOPEZ OTERO,2018-01-15 10:00,3,0,3
421,AP ARQ. LOPEZ OTERO,2018-01-18 14:00,5,1,4
165,AP ARQ. LOPEZ OTERO,2018-01-07 22:00,0,0,0
740,AP ARQ. LOPEZ OTERO,2018-01-31 21:00,2,2,0
441,AP ARQ. LOPEZ OTERO,2018-01-19 10:00,3,3,0
785,AP ARQ. LOPEZ OTERO,2018-02-02 18:00,1,1,0
109,AP ARQ. LOPEZ OTERO,2018-01-05 14:00,1,1,0
294,AP ARQ. LOPEZ OTERO,2018-01-13 7:00,7,6,1
146,AP ARQ. LOPEZ OTERO,2018-01-07 3:00,2,1,1
445,AP ARQ. LOPEZ OTERO,2018-01-19 14:00,3,2,1
580,AP ARQ. LOPEZ OTERO,2018-01-25 5:00,4,1,3
604,AP ARQ. LOPEZ OTERO,2018-01-26 5:00,0,0,0
456,AP ARQ. LOPEZ OTERO,2018-01-20 1:00,2,2,0
632,AP ARQ. LOPEZ OTERO,2018-01-27 9:00,1,1,0
574,AP ARQ. LOPEZ OTERO,2018-01-24 23:00,1,1,0
61,AP ARQ. LOPEZ OTERO,2018-01-03 14:00,1,1,0

228,AP ARQ. LOPEZ OTERO,2018-01-10 13:00,3,2,1
248,AP ARQ. LOPEZ OTERO,2018-01-11 9:00,0,0,0
114,AP ARQ. LOPEZ OTERO,2018-01-05 19:00,1,1,0
565,AP ARQ. LOPEZ OTERO,2018-01-24 14:00,2,0,2
818,AP ARQ. LOPEZ OTERO,2018-02-04 3:00,1,1,0
999,AP ARQ. LOPEZ OTERO,2018-02-11 16:00,2,1,1
418,AP ARQ. LOPEZ OTERO,2018-01-18 11:00,0,0,0
153,AP ARQ. LOPEZ OTERO,2018-01-07 10:00,2,0,2
555,AP ARQ. LOPEZ OTERO,2018-01-24 4:00,2,0,2
556,AP ARQ. LOPEZ OTERO,2018-01-24 5:00,5,4,1
557,AP ARQ. LOPEZ OTERO,2018-01-24 6:00,3,1,2
837,AP ARQ. LOPEZ OTERO,2018-02-04 22:00,2,1,1
825,AP ARQ. LOPEZ OTERO,2018-02-04 10:00,5,2,3
893,AP ARQ. LOPEZ OTERO,2018-02-07 6:00,2,1,1
773,AP ARQ. LOPEZ OTERO,2018-02-02 6:00,4,2,2
180,AP ARQ. LOPEZ OTERO,2018-01-08 13:00,1,1,0
751,AP ARQ. LOPEZ OTERO,2018-02-01 8:00,1,0,1
81,AP ARQ. LOPEZ OTERO,2018-01-04 10:00,1,1,0
896,AP ARQ. LOPEZ OTERO,2018-02-07 9:00,3,2,1
343,AP ARQ. LOPEZ OTERO,2018-01-15 8:00,1,1,0
60,AP ARQ. LOPEZ OTERO,2018-01-03 13:00,3,0,3
242,AP ARQ. LOPEZ OTERO,2018-01-11 3:00,2,0,2
92,AP ARQ. LOPEZ OTERO,2018-01-04 21:00,3,0,3
735,AP ARQ. LOPEZ OTERO,2018-01-31 16:00,0,0,0
434,AP ARQ. LOPEZ OTERO,2018-01-19 3:00,2,1,1
435,AP ARQ. LOPEZ OTERO,2018-01-19 4:00,4,4,0
708,AP ARQ. LOPEZ OTERO,2018-01-30 13:00,4,4,0
482,AP ARQ. LOPEZ OTERO,2018-01-21 3:00,5,2,3
644,AP ARQ. LOPEZ OTERO,2018-01-27 21:00,6,4,2
399,AP ARQ. LOPEZ OTERO,2018-01-17 16:00,4,1,3
652,AP ARQ. LOPEZ OTERO,2018-01-28 5:00,2,0,2
351,AP ARQ. LOPEZ OTERO,2018-01-15 16:00,2,2,0
144,AP ARQ. LOPEZ OTERO,2018-01-07 1:00,1,1,0
129,AP ARQ. LOPEZ OTERO,2018-01-06 10:00,7,5,2
451,AP ARQ. LOPEZ OTERO,2018-01-19 20:00,1,0,1
639,AP ARQ. LOPEZ OTERO,2018-01-27 16:00,3,1,2
688,AP ARQ. LOPEZ OTERO,2018-01-29 17:00,4,4,0
367,AP ARQ. LOPEZ OTERO,2018-01-16 8:00,1,0,1
261,AP ARQ. LOPEZ OTERO,2018-01-11 22:00,4,2,2
262,AP ARQ. LOPEZ OTERO,2018-01-11 23:00,2,2,0
475,AP ARQ. LOPEZ OTERO,2018-01-20 20:00,6,0,6
411,AP ARQ. LOPEZ OTERO,2018-01-18 4:00,4,4,0
780,AP ARQ. LOPEZ OTERO,2018-02-02 13:00,8,7,1
884,AP ARQ. LOPEZ OTERO,2018-02-06 21:00,2,1,1
96,AP ARQ. LOPEZ OTERO,2018-01-05 1:00,3,0,3
339,AP ARQ. LOPEZ OTERO,2018-01-15 4:00,6,0,6
148,AP ARQ. LOPEZ OTERO,2018-01-07 5:00,3,1,2
199,AP ARQ. LOPEZ OTERO,2018-01-09 8:00,2,0,2
29,AP ARQ. LOPEZ OTERO,2018-01-02 6:00,0,0,0
679,AP ARQ. LOPEZ OTERO,2018-01-29 8:00,1,0,1
499,AP ARQ. LOPEZ OTERO,2018-01-21 20:00,0,0,0
500,AP ARQ. LOPEZ OTERO,2018-01-21 21:00,1,1,0
501,AP ARQ. LOPEZ OTERO,2018-01-21 22:00,4,3,1
502,AP ARQ. LOPEZ OTERO,2018-01-21 23:00,2,2,0
503,AP ARQ. LOPEZ OTERO,2018-01-22 0:00,1,0,1
504,AP ARQ. LOPEZ OTERO,2018-01-22 1:00,1,0,1
118,AP ARQ. LOPEZ OTERO,2018-01-05 23:00,2,1,1
149,AP ARQ. LOPEZ OTERO,2018-01-07 6:00,2,0,2
128,AP ARQ. LOPEZ OTERO,2018-01-06 9:00,3,1,2
102,AP ARQ. LOPEZ OTERO,2018-01-05 7:00,1,1,0
470,AP ARQ. LOPEZ OTERO,2018-01-20 15:00,4,2,2
631,AP ARQ. LOPEZ OTERO,2018-01-27 8:00,3,2,1
819,AP ARQ. LOPEZ OTERO,2018-02-04 4:00,0,0,0
311,AP ARQ. LOPEZ OTERO,2018-01-14 0:00,5,5,0
197,AP ARQ. LOPEZ OTERO,2018-01-09 6:00,1,1,0
217,AP ARQ. LOPEZ OTERO,2018-01-10 2:00,5,1,4
992,AP ARQ. LOPEZ OTERO,2018-02-11 9:00,0,0,0
844,AP ARQ. LOPEZ OTERO,2018-02-05 5:00,4,2,2
23,AP ARQ. LOPEZ OTERO,2018-01-02 0:00,0,0,0
660,AP ARQ. LOPEZ OTERO,2018-01-28 13:00,2,2,0
952,AP ARQ. LOPEZ OTERO,2018-02-09 17:00,5,2,3
448,AP ARQ. LOPEZ OTERO,2018-01-19 17:00,1,0,1
316,AP ARQ. LOPEZ OTERO,2018-01-14 5:00,3,3,0
642,AP ARQ. LOPEZ OTERO,2018-01-27 19:00,0,0,0
983,AP ARQ. LOPEZ OTERO,2018-02-11 0:00,1,1,0
791,AP ARQ. LOPEZ OTERO,2018-02-03 0:00,0,0,0
147,AP ARQ. LOPEZ OTERO,2018-01-07 4:00,4,1,3
712,AP ARQ. LOPEZ OTERO,2018-01-30 17:00,0,0,0
220,AP ARQ. LOPEZ OTERO,2018-01-10 5:00,1,1,0
288,AP ARQ. LOPEZ OTERO,2018-01-13 1:00,4,2,2
86,AP ARQ. LOPEZ OTERO,2018-01-04 15:00,2,0,2
630,AP ARQ. LOPEZ OTERO,2018-01-27 7:00,1,0,1
682,AP ARQ. LOPEZ OTERO,2018-01-29 11:00,1,1,0
926,AP ARQ. LOPEZ OTERO,2018-02-08 15:00,3,2,1
347,AP ARQ. LOPEZ OTERO,2018-01-15 12:00,2,1,1
723,AP ARQ. LOPEZ OTERO,2018-01-31 4:00,1,1,0
798,AP ARQ. LOPEZ OTERO,2018-02-03 7:00,1,1,0
85,AP ARQ. LOPEZ OTERO,2018-01-04 14:00,3,1,2
566,AP ARQ. LOPEZ OTERO,2018-01-24 15:00,4,2,2
285,AP ARQ. LOPEZ OTERO,2018-01-12 22:00,0,0,0
738,AP ARQ. LOPEZ OTERO,2018-01-31 19:00,2,1,1
274,AP ARQ. LOPEZ OTERO,2018-01-12 11:00,2,2,0
597,AP ARQ. LOPEZ OTERO,2018-01-25 22:00,0,0,0
850,AP ARQ. LOPEZ OTERO,2018-02-05 11:00,2,0,2
581,AP ARQ. LOPEZ OTERO,2018-01-25 6:00,5,2,3
49,AP ARQ. LOPEZ OTERO,2018-01-03 2:00,2,1,1
166,AP ARQ. LOPEZ OTERO,2018-01-07 23:00,1,0,1
727,AP ARQ. LOPEZ OTERO,2018-01-31 8:00,3,3,0
778,AP ARQ. LOPEZ OTERO,2018-02-02 11:00,2,1,1
722,AP ARQ. LOPEZ OTERO,2018-01-31 3:00,5,3,2
869,AP ARQ. LOPEZ OTERO,2018-02-06 6:00,1,1,0
954,AP ARQ. LOPEZ OTERO,2018-02-09 19:00,2,1,1
480,AP ARQ. LOPEZ OTERO,2018-01-21 1:00,2,1,1
965,AP ARQ. LOPEZ OTERO,2018-02-10 6:00,4,4,0
88,AP ARQ. LOPEZ OTERO,2018-01-04 17:00,3,1,2
121,AP ARQ. LOPEZ OTERO,2018-01-06 2:00,0,0,0
598,AP ARQ. LOPEZ OTERO,2018-01-25 23:00,1,1,0
531,AP ARQ. LOPEZ OTERO,2018-01-23 4:00,2,2,0
532,AP ARQ. LOPEZ OTERO,2018-01-23 5:00,2,1,1
533,AP ARQ. LOPEZ OTERO,2018-01-23 6:00,4,4,0
534,AP ARQ. LOPEZ OTERO,2018-01-23 7:00,0,0,0
535,AP ARQ. LOPEZ OTERO,2018-01-23 8:00,1,1,0
536,AP ARQ. LOPEZ OTERO,2018-01-23 9:00,2,1,1
537,AP ARQ. LOPEZ OTERO,2018-01-23 10:00,1,0,1
538,AP ARQ. LOPEZ OTERO,2018-01-23 11:00,5,2,3
539,AP ARQ. LOPEZ OTERO,2018-01-23 12:00,7,6,1
540,AP ARQ. LOPEZ OTERO,2018-01-23 13:00,3,3,0
541,AP ARQ. LOPEZ OTERO,2018-01-23 14:00,4,4,0
542,AP ARQ. LOPEZ OTERO,2018-01-23 15:00,4,1,3
543,AP ARQ. LOPEZ OTERO,2018-01-23 16:00,4,0,4
544,AP ARQ. LOPEZ OTERO,2018-01-23 17:00,3,1,2
545,AP ARQ. LOPEZ OTERO,2018-01-23 18:00,1,1,0
546,AP ARQ. LOPEZ OTERO,2018-01-23 19:00,5,5,0
547,AP ARQ. LOPEZ OTERO,2018-01-23 20:00,0,0,0
548,AP ARQ. LOPEZ OTERO,2018-01-23 21:00,2,0,2
549,AP ARQ. LOPEZ OTERO,2018-01-23 22:00,4,4,0
11,AP ARQ. LOPEZ OTERO,2018-01-01 12:00,3,3,0
997,AP ARQ. LOPEZ OTERO,2018-02-11 14:00,3,3,0
145,AP ARQ. LOPEZ OTERO,2018-01-07 2:00,2,1,1
381,AP ARQ. LOPEZ OTERO,2018-01-16 22:00,4,2,2
816,AP ARQ. LOPEZ OTERO,2018-02-04 1:00,2,1,1
571,AP ARQ. LOPEZ OTERO,2018-01-24 20:00,1,1,0
807,AP ARQ. LOPEZ OTERO,2018-02-03 16:00,1,1,0
436,AP ARQ. LOPEZ OTERO,2018-01-19 5:00,3,2,1
812,AP ARQ. LOPEZ OTERO,2018-02-03 21:00,1,1,0
458,AP ARQ. LOPEZ OTERO,2018-01-20 3:00,1,1,0
616,AP ARQ. LOPEZ OTERO,2018-01-26 17:00,1,1,0
447,AP ARQ. LOPEZ OTERO,2018-01-19 16:00,1,1,0
354,AP ARQ. LOPEZ OTERO,2018-01-15 19:00,1,1,0
103,AP ARQ. LOPEZ OTERO,2018-01-05 8:00,4,4,0
627,AP ARQ. LOPEZ OTERO,2018-01-27 4:00,1,1,0
505,AP ARQ. LOPEZ OTERO,2018-01-22 2:00,5,4,1
506,AP ARQ. LOPEZ OTERO,2018-01-22 3:00,2,0,2
507,AP ARQ. LOPEZ OTERO,2018-01-22 4:00,4,3,1
508,AP ARQ. LOPEZ OTERO,2018-01-22 5:00,2,1,1
509,AP ARQ. LOPEZ OTERO,2018-01-22 6:00,4,0,4
510,AP ARQ. LOPEZ OTERO,2018-01-22 7:00,3,3,0
511,AP ARQ. LOPEZ OTERO,2018-01-22 8:00,1,1,0
512,AP ARQ. LOPEZ OTERO,2018-01-22 9:00,4,2,2
513,AP ARQ. LOPEZ OTERO,2018-01-22 10:00,5,4,1
514,AP ARQ. LOPEZ OTERO,2018-01-22 11:00,0,0,0
515,AP ARQ. LOPEZ OTERO,2018-01-22 12:00,0,0,0
516,AP ARQ. LOPEZ OTERO,2018-01-22 13:00,3,1,2
517,AP ARQ. LOPEZ OTERO,2018-01-22 14:00,0,0,0
518,AP ARQ. LOPEZ OTERO,2018-01-22 15:00,2,1,1
519,AP ARQ. LOPEZ OTERO,2018-01-22 16:00,3,2,1
520,AP ARQ. LOPEZ OTERO,2018-01-22 17:00,4,2,2
521,AP ARQ. LOPEZ OTERO,2018-01-22 18:00,4,3,1
522,AP ARQ. LOPEZ OTERO,2018-01-22 19:00,4,4,0
523,AP ARQ. LOPEZ OTERO,2018-01-22 20:00,1,1,0
524,AP ARQ. LOPEZ OTERO,2018-01-22 21:00,2,2,0
525,AP ARQ. LOPEZ OTERO,2018-01-22 22:00,3,1,2
526,AP ARQ. LOPEZ OTERO,2018-01-22 23:00,3,3,0
527,AP ARQ. LOPEZ OTERO,2018-01-23 0:00,3,2,1
528,AP ARQ. LOPEZ OTERO,2018-01-23 1:00,1,0,1
529,AP ARQ. LOPEZ OTERO,2018-01-23 2:00,3,2,1
530,AP ARQ. LOPEZ OTERO,2018-01-23 3:00,3,1,2
231,AP ARQ. LOPEZ OTERO,2018-01-10 16:00,2,1,1
300,AP ARQ. LOPEZ OTERO,2018-01-13 13:00,4,3,1
174,AP ARQ. LOPEZ OTERO,2018-01-08 7:00,2,1,1
189,AP ARQ. LOPEZ OTERO,2018-01-08 22:00,2,2,0
593,AP ARQ. LOPEZ OTERO,2018-01-25 18:00,4,4,0
836,AP ARQ. LOPEZ OTERO,2018-02-04 21:00,1,1,0
695,AP ARQ. LOPEZ OTERO,2018-01-30 0:00,0,0,0
623,AP ARQ. LOPEZ OTERO,2018-01-27 0:00,5,1,4
36,AP ARQ. LOPEZ OTERO,2018-01-02 13:00,1,0,1
941,AP ARQ. LOPEZ OTERO,2018-02-09 6:00,0,0,0
183,AP ARQ. LOPEZ OTERO,2018-01-08 16:00,0,0,0
424,AP ARQ. LOPEZ OTERO,2018-01-18 17:00,3,3,0
757,AP ARQ. LOPEZ OTERO,2018-02-01 14:00,1,1,0
453,AP ARQ. LOPEZ OTERO,2018-01-19 22:00,5,2,3
883,AP ARQ. LOPEZ OTERO,2018-02-06 20:00,2,1,1
320,AP ARQ. LOPEZ OTERO,2018-01-14 9:00,1,1,0
666,AP ARQ. LOPEZ OTERO,2018-01-28 19:00,3,3,0
670,AP ARQ. LOPEZ OTERO,2018-01-28 23:00,3,1,2
822,AP ARQ. LOPEZ OTERO,2018-02-04 7:00,3,1,2
471,AP ARQ. LOPEZ OTERO,2018-01-20 16:00,6,5,1
142,AP ARQ. LOPEZ OTERO,2018-01-06 23:00,5,4,1
143,AP ARQ. LOPEZ OTERO,2018-01-07 0:00,6,6,0
31,AP ARQ. LOPEZ OTERO,2018-01-02 8:00,2,1,1
767,AP ARQ. LOPEZ OTERO,2018-02-02 0:00,0,0,0
310,AP ARQ. LOPEZ OTERO,2018-01-13 23:00,2,0,2
178,AP ARQ. LOPEZ OTERO,2018-01-08 11:00,2,2,0
188,AP ARQ. LOPEZ OTERO,2018-01-08 21:00,5,2,3
211,AP ARQ. LOPEZ OTERO,2018-01-09 20:00,3,2,1
389,AP ARQ. LOPEZ OTERO,2018-01-17 6:00,2,1,1
694,AP ARQ. LOPEZ OTERO,2018-01-29 23:00,1,0,1
813,AP ARQ. LOPEZ OTERO,2018-02-03 22:00,3,2,1
986,AP ARQ. LOPEZ OTERO,2018-02-11 3:00,2,2,0
916,AP ARQ. LOPEZ OTERO,2018-02-08 5:00,0,0,0
382,AP ARQ. LOPEZ OTERO,2018-01-16 23:00,1,0,1
383,AP ARQ. LOPEZ OTERO,2018-01-17 0:00,1,0,1
483,AP ARQ. LOPEZ OTERO,2018-01-21 4:00,2,0,2
192,AP ARQ. LOPEZ OTERO,2018-01-09 1:00,1,1,0
683,AP ARQ. LOPEZ OTERO,2018-01-29 12:00,4,3,1
651,AP ARQ. LOPEZ OTERO,2018-01-28 4:00,4,2,2
244,AP ARQ. LOPEZ OTERO,2018-01-11 5:00,1,1,0
909,AP ARQ. LOPEZ OTERO,2018-02-07 22:00,2,1,1
123,AP ARQ. LOPEZ OTERO,2018-01-06 4:00,3,3,0
321,AP ARQ. LOPEZ OTERO,2018-01-14 10:00,3,1,2
27,AP ARQ. LOPEZ OTERO,2018-01-02 4:00,1,1,0
94,AP ARQ. LOPEZ OTERO,2018-01-04 23:00,4,2,2
864,AP ARQ. LOPEZ OTERO,2018-02-06 1:00,2,1,1
414,AP ARQ. LOPEZ OTERO,2018-01-18 7:00,5,2,3
737,AP ARQ. LOPEZ OTERO,2018-01-31 18:00,2,2,0
132,AP ARQ. LOPEZ OTERO,2018-01-06 13:00,6,0,6
824,AP ARQ. LOPEZ OTERO,2018-02-04 9:00,2,1,1
870,AP ARQ. LOPEZ OTERO,2018-02-06 7:00,4,3,1
337,AP ARQ. LOPEZ OTERO,2018-01-15 2:00,1,1,0
479,AP ARQ. LOPEZ OTERO,2018-01-21 0:00,1,0,1
933,AP ARQ. LOPEZ OTERO,2018-02-08 22:00,2,1,1
830,AP ARQ. LOPEZ OTERO,2018-02-04 15:00,1,1,0
401,AP ARQ. LOPEZ OTERO,2018-01-17 18:00,4,1,3
568,AP ARQ. LOPEZ OTERO,2018-01-24 17:00,2,1,1
797,AP ARQ. LOPEZ OTERO,2018-02-03 6:00,2,0,2
928,AP ARQ. LOPEZ OTERO,2018-02-08 17:00,1,1,0
782,AP ARQ. LOPEZ OTERO,2018-02-02 15:00,3,2,1
243,AP ARQ. LOPEZ OTERO,2018-01-11 4:00,2,0,2
772,AP ARQ. LOPEZ OTERO,2018-02-02 5:00,2,1,1
26,AP ARQ. LOPEZ OTERO,2018-01-02 3:00,2,1,1
759,AP ARQ. LOPEZ OTERO,2018-02-01 16:00,1,1,0
213,AP ARQ. LOPEZ OTERO,2018-01-09 22:00,3,3,0
122,AP ARQ. LOPEZ OTERO,2018-01-06 3:00,1,1,0
136,AP ARQ. LOPEZ OTERO,2018-01-06 17:00,2,2,0
789,AP ARQ. LOPEZ OTERO,2018-02-02 22:00,0,0,0
392,AP ARQ. LOPEZ OTERO,2018-01-17 9:00,1,0,1
393,AP ARQ. LOPEZ OTERO,2018-01-17 10:00,0,0,0
400,AP ARQ. LOPEZ OTERO,2018-01-17 17:00,0,0,0
154,AP ARQ. LOPEZ OTERO,2018-01-07 11:00,6,5,1
422,AP ARQ. LOPEZ OTERO,2018-01-18 15:00,1,1,0
842,AP ARQ. LOPEZ OTERO,2018-02-05 3:00,2,2,0
588,AP ARQ. LOPEZ OTERO,2018-01-25 13:00,3,1,2
575,AP ARQ. LOPEZ OTERO,2018-01-25 0:00,2,2,0
956,AP ARQ. LOPEZ OTERO,2018-02-09 21:00,1,1,0
42,AP ARQ. LOPEZ OTERO,2018-01-02 19:00,6,5,1
629,AP ARQ. LOPEZ OTERO,2018-01-27 6:00,0,0,0
226,AP ARQ. LOPEZ OTERO,2018-01-10 11:00,2,1,1
137,AP ARQ. LOPEZ OTERO,2018-01-06 18:00,1,1,0
201,AP ARQ. LOPEZ OTERO,2018-01-09 10:00,5,4,1
362,AP ARQ. LOPEZ OTERO,2018-01-16 3:00,2,1,1
152,AP ARQ. LOPEZ OTERO,2018-01-07 9:00,1,0,1
776,AP ARQ. LOPEZ OTERO,2018-02-02 9:00,1,1,0
802,AP ARQ. LOPEZ OTERO,2018-02-03 11:00,5,3,2
190,AP ARQ. LOPEZ OTERO,2018-01-08 23:00,3,2,1
854,AP ARQ. LOPEZ OTERO,2018-02-05 15:00,4,0,4
69,AP ARQ. LOPEZ OTERO,2018-01-03 22:00,2,1,1
50,AP ARQ. LOPEZ OTERO,2018-01-03 3:00,1,1,0
353,AP ARQ. LOPEZ OTERO,2018-01-15 18:00,1,0,1
584,AP ARQ. LOPEZ OTERO,2018-01-25 9:00,1,0,1
235,AP ARQ. LOPEZ OTERO,2018-01-10 20:00,4,1,3
922,AP ARQ. LOPEZ OTERO,2018-02-08 11:00,5,3,2
208,AP ARQ. LOPEZ OTERO,2018-01-09 17:00,3,1,2
899,AP ARQ. LOPEZ OTERO,2018-02-07 12:00,4,3,1
621,AP ARQ. LOPEZ OTERO,2018-01-26 22:00,2,1,1
987,AP ARQ. LOPEZ OTERO,2018-02-11 4:00,2,2,0
800,AP ARQ. LOPEZ OTERO,2018-02-03 9:00,4,4,0
577,AP ARQ. LOPEZ OTERO,2018-01-25 2:00,4,4,0
573,AP ARQ. LOPEZ OTERO,2018-01-24 22:00,5,3,2
774,AP ARQ. LOPEZ OTERO,2018-02-02 7:00,4,4,0
135,AP ARQ. LOPEZ OTERO,2018-01-06 16:00,1,1,0
755,AP ARQ. LOPEZ OTERO,2018-02-01 12:00,2,1,1
859,AP ARQ. LOPEZ OTERO,2018-02-05 20:00,1,1,0
560,AP ARQ. LOPEZ OTERO,2018-01-24 9:00,2,1,1
561,AP ARQ. LOPEZ OTERO,2018-01-24 10:00,0,0,0
606,AP ARQ. LOPEZ OTERO,2018-01-26 7:00,3,2,1
368,AP ARQ. LOPEZ OTERO,2018-01-16 9:00,2,2,0
617,AP ARQ. LOPEZ OTERO,2018-01-26 18:00,2,2,0
372,AP ARQ. LOPEZ OTERO,2018-01-16 13:00,5,5,0
858,AP ARQ. LOPEZ OTERO,2018-02-05 19:00,2,1,1
44,AP ARQ. LOPEZ OTERO,2018-01-02 21:00,3,2,1
225,AP ARQ. LOPEZ OTERO,2018-01-10 10:00,0,0,0
6,AP ARQ. LOPEZ OTERO,2018-01-01 7:00,0,0,0
7,AP ARQ. LOPEZ OTERO,2018-01-01 8:00,0,0,0
175,AP ARQ. LOPEZ OTERO,2018-01-08 8:00,3,2,1
585,AP ARQ. LOPEZ OTERO,2018-01-25 10:00,2,1,1
728,AP ARQ. LOPEZ OTERO,2018-01-31 9:00,4,2,2
336,AP ARQ. LOPEZ OTERO,2018-01-15 1:00,2,2,0
894,AP ARQ. LOPEZ OTERO,2018-02-07 7:00,1,1,0
404,AP ARQ. LOPEZ OTERO,2018-01-17 21:00,4,2,2
324,AP ARQ. LOPEZ OTERO,2018-01-14 13:00,1,0,1
459,AP ARQ. LOPEZ OTERO,2018-01-20 4:00,4,2,2
238,AP ARQ. LOPEZ OTERO,2018-01-10 23:00,5,1,4
949,AP ARQ. LOPEZ OTERO,2018-02-09 14:00,0,0,0
763,AP ARQ. LOPEZ OTERO,2018-02-01 20:00,3,1,2
446,AP ARQ. LOPEZ OTERO,2018-01-19 15:00,0,0,0

33,AP ARQ. LOPEZ OTERO,2018-01-02 10:00,1,1,0
290,AP ARQ. LOPEZ OTERO,2018-01-13 3:00,4,3,1
605,AP ARQ. LOPEZ OTERO,2018-01-26 6:00,3,1,2
841,AP ARQ. LOPEZ OTERO,2018-02-05 2:00,4,0,4
263,AP ARQ. LOPEZ OTERO,2018-01-12 0:00,0,0,0
579,AP ARQ. LOPEZ OTERO,2018-01-25 4:00,1,1,0
877,AP ARQ. LOPEZ OTERO,2018-02-06 14:00,2,0,2
252,AP ARQ. LOPEZ OTERO,2018-01-11 13:00,2,1,1
583,AP ARQ. LOPEZ OTERO,2018-01-25 8:00,1,1,0
686,AP ARQ. LOPEZ OTERO,2018-01-29 15:00,4,0,4
775,AP ARQ. LOPEZ OTERO,2018-02-02 8:00,1,0,1
677,AP ARQ. LOPEZ OTERO,2018-01-29 6:00,4,2,2
229,AP ARQ. LOPEZ OTERO,2018-01-10 14:00,5,5,0

942,AP ARQ. LOPEZ OTERO,2018-02-09 7:00,2,1,1



































































































































































































































































































































































































































































































































































































































































































































































































































































































































































































































